{
  "game_name": "snap jij wat ik bedoel???? Ja? Nee?",
  "game_difficulty": 0,
  "time": 0,
  "animal_dict": {
    "0": [
      [2106, 559, 16, 16],
      "sheep",
      "left",
      1,
      false,
      0,
      0,
      [],
      2776506.904671,
      13,
      "front",
      1,
      2776506.9046722,
      "small",
      true,
      113,
      false,
      0,
      2776506.9046726,
      4,
      false,
      "Dergelijke plaatshouder, om deze onnodige informatie te vullen met veel onzin.",
      -1,
      113
    ],
    "2": [
      [703, 662, 16, 16],
      "bearbrown",
      "back",
      1,
      true,
      0,
      0,
      [],
      2776506.9046882,
      18,
      "left",
      1,
      2776506.904689,
      "small",
      true,
      180,
      false,
      0,
      2776506.9046894,
      2,
      false,
      "Dergelijke plaatshouder, om deze onnodige informatie te vullen met veel onzin.",
      -1,
      180
    ],
    "3": [
      [666, 1238, 16, 16],
      "sheep",
      "left",
      1,
      false,
      0,
      0,
      [],
      2776506.9046959,
      8,
      "right",
      1,
      2776506.9046967,
      "small",
      false,
      102,
      false,
      0,
      2776506.9046972,
      4,
      false,
      "Dergelijke plaatshouder, om deze onnodige informatie te vullen met veel onzin.",
      -1,
      102
    ],
    "4": [
      [864, 2008, 16, 16],
      "bearbrown",
      "left",
      1,
      false,
      0,
      0,
      [],
      2776506.904703,
      8,
      "back",
      1,
      2776506.9047039,
      "small",
      true,
      180,
      false,
      0,
      2776506.9047043,
      4,
      false,
      "Dergelijke plaatshouder, om deze onnodige informatie te vullen met veel onzin.",
      -1,
      180
    ],
    "5": [
      [1953, 788, 16, 16],
      "sheep",
      "right",
      1,
      false,
      0,
      0,
      [],
      2776506.9047099,
      7,
      "front",
      1,
      2776506.9047108,
      "big",
      false,
      115,
      false,
      0,
      2776506.9047112,
      4,
      false,
      "Dergelijke plaatshouder, om deze onnodige informatie te vullen met veel onzin.",
      -1,
      115
    ],
    "6": [
      [247, 1258, 16, 16],
      "sheep",
      "front",
      1,
      false,
      0,
      0,
      [],
      2776506.904717,
      17,
      "left",
      1,
      2776506.9047178,
      "small",
      false,
      108,
      false,
      0,
      2776506.9047181,
      3,
      false,
      "Dergelijke plaatshouder, om deze onnodige informatie te vullen met veel onzin.",
      -1,
      108
    ],
    "8": [
      [2163, 2128, 16, 16],
      "wolfblack",
      "right",
      1,
      true,
      0,
      0,
      [],
      2776506.9047275,
      18,
      "right",
      1,
      2776506.9047284,
      "small",
      false,
      102,
      false,
      0,
      2776506.9047288,
      4,
      false,
      "Dergelijke plaatshouder, om deze onnodige informatie te vullen met veel onzin.",
      -1,
      102
    ],
    "9": [
      [386, 562, 16, 16],
      "bearbrown",
      "front",
      1,
      false,
      0,
      0,
      [],
      2776506.9047339,
      17,
      "front",
      1,
      2776506.9047348,
      "small",
      false,
      180,
      false,
      0,
      2776506.9047353,
      3,
      false,
      "Dergelijke plaatshouder, om deze onnodige informatie te vullen met veel onzin.",
      -1,
      180
    ],
    "10": [
      [727, 2101, 16, 16],
      "bearbrown",
      "left",
      1,
      false,
      0,
      0,
      [],
      2776506.9047411,
      10,
      "front",
      1,
      2776506.9047419,
      "big",
      true,
      180,
      false,
      0,
      2776506.9047423,
      4,
      false,
      "Dergelijke plaatshouder, om deze onnodige informatie te vullen met veel onzin.",
      -1,
      180
    ],
    "11": [
      [356, 712, 16, 16],
      "bearbrown",
      "front",
      1,
      false,
      0,
      0,
      [],
      2776506.9047477,
      8,
      "front",
      1,
      2776506.9047486,
      "small",
      true,
      180,
      false,
      0,
      2776506.9047492,
      3,
      false,
      "Dergelijke plaatshouder, om deze onnodige informatie te vullen met veel onzin.",
      -1,
      180
    ],
    "12": [
      [2016, 1596, 16, 16],
      "wolfblue",
      "right",
      1,
      true,
      0,
      0,
      [],
      2776506.9047548,
      7,
      "left",
      1,
      2776506.9047556,
      "big",
      true,
      102,
      false,
      0,
      2776506.904756,
      2,
      false,
      "Dergelijke plaatshouder, om deze onnodige informatie te vullen met veel onzin.",
      -1,
      102
    ],
    "13": [
      [488, 1880, 16, 16],
      "wolfblack",
      "back",
      1,
      true,
      0,
      0,
      [],
      2776506.9047621,
      12,
      "left",
      1,
      2776506.9047629,
      "big",
      true,
      109,
      false,
      0,
      2776506.9047633,
      4,
      false,
      "Dergelijke plaatshouder, om deze onnodige informatie te vullen met veel onzin.",
      -1,
      109
    ],
    "14": [
      [2237, 1833, 16, 16],
      "wolfblue",
      "back",
      1,
      false,
      0,
      0,
      [],
      2776506.9047691,
      11,
      "back",
      1,
      2776506.90477,
      "big",
      false,
      107,
      false,
      0,
      2776506.9047704,
      4,
      false,
      "Dergelijke plaatshouder, om deze onnodige informatie te vullen met veel onzin.",
      -1,
      107
    ],
    "15": [
      [2168, 472, 16, 16],
      "sheep",
      "back",
      1,
      false,
      0,
      0,
      [],
      2776506.9047793,
      10,
      "back",
      1,
      2776506.9047801,
      "big",
      false,
      115,
      false,
      0,
      2776506.9047806,
      4,
      false,
      "Dergelijke plaatshouder, om deze onnodige informatie te vullen met veel onzin.",
      -1,
      115
    ],
    "16": [
      [478, 2019, 16, 16],
      "wolfblack",
      "front",
      1,
      true,
      0,
      0,
      [],
      2776506.9047861,
      8,
      "front",
      1,
      2776506.9047877,
      "big",
      true,
      103,
      false,
      0,
      2776506.9047882,
      2,
      false,
      "Dergelijke plaatshouder, om deze onnodige informatie te vullen met veel onzin.",
      -1,
      103
    ],
    "17": [
      [389, 625, 16, 16],
      "bearbrown",
      "front",
      1,
      false,
      0,
      0,
      [],
      2776506.9047933,
      20,
      "front",
      1,
      2776506.9047942,
      "small",
      false,
      180,
      false,
      0,
      2776506.9047945,
      3,
      false,
      "Dergelijke plaatshouder, om deze onnodige informatie te vullen met veel onzin.",
      -1,
      180
    ],
    "18": [
      [2164, 1981, 16, 16],
      "wolfblue",
      "front",
      1,
      false,
      0,
      0,
      [],
      2776506.9048004,
      13,
      "right",
      1,
      2776506.9048012,
      "small",
      false,
      111,
      false,
      0,
      2776506.9048016,
      4,
      false,
      "Dergelijke plaatshouder, om deze onnodige informatie te vullen met veel onzin.",
      -1,
      111
    ],
    "19": [
      [2273, 2182, 16, 16],
      "wolfblack",
      "left",
      1,
      true,
      0,
      0,
      [],
      2776506.904809,
      7,
      "right",
      1,
      2776506.9048103,
      "big",
      false,
      100,
      false,
      0,
      2776506.9048107,
      4,
      false,
      "Dergelijke plaatshouder, om deze onnodige informatie te vullen met veel onzin.",
      -1,
      100
    ],
    "20": [
      [1483, 2294, 16, 16],