{"game_name": "AUB WERK", "game_difficulty": 0, "time": 0, "seed": "0", "night_count": 0, "is_night": false, "animal_dict": {"0": [[1340, 1031, 16, 16], "bearbrown", "right", 1, false, 0, 0, [], 118810.9817428, 18, "left", 1, 118810.981744, "small", false, 180, false, 0, 118810.9817445, 3, false, "Dergelijke plaatshouder, om deze onnodige informatie te vullen met veel onzin.", -1, 180], "1": [[942, 1032, 16, 16], "bearbrown", "back", 1, false, 0, 0, [], 118810.9817549, 14, "right", 1, 118810.9817557, "small", false, 180, false, 0, 118810.9817563, 4, false, "Dergelijke plaatshouder, om deze onnodige informatie te vullen met veel onzin.", -1, 180], "2": [[348, 1609, 16, 16], "ratwhite", "back", 1, true, 0, 0, [], 118810.981762, 15, "left", 1, 118810.9817628, "tiny", true, 60, false, 0, 118810.9817632, 2, false, "Dergelijke plaatshouder, om deze onnodige informatie te vullen met veel onzin.", -1, 60], "3": [[2091, 1273, 16, 16], "wolfblue", "left", 1, false, 0, 0, [], 118810.981769, 16, "front", 1, 118810.9817697, "big", true, 115, false, 0, 118810.9817703, 4, false, "Dergelijke plaatshouder, om deze onnodige informatie te vullen met veel onzin.", -1, 115], "4": [[2323, 1084, 16, 16], "wolfblue", "back", 1, true, 0, 0, [], 118810.9817763, 7, "left", 1, 118810.9817771, "small", false, 110, false, 0, 118810.9817775, 4, false, "Dergelijke plaatshouder, om deze onnodige informatie te vullen met veel onzin.", -1, 110], "5": [[1362, 1031, 16, 16], "bearbrown", "right", 1, false, 0, 0, [], 118810.9817824, 14, "front", 1, 118810.9817832, "small", false, 180, false, 0, 118810.9817836, 4, false, "Dergelijke plaatshouder, om deze onnodige informatie te vullen met veel onzin.", -1, 180], "6": [[2270, 1515, 16, 16], "wolfblue", "back", 1, false, 0, 0, [], 118810.9817895, 7, "left", 1, 118810.9817903, "small", false, 101, false, 0, 118810.9817907, 4, false, "Dergelijke plaatshouder, om deze onnodige informatie te vullen met veel onzin.", -1, 101], "7": [[1133, 691, 16, 16], "sheep", "left", 1, true, 0, 0, [], 118810.9817965, 11, "front", 1, 118810.9817973, "big", true, 110, false, 0, 118810.9817977, 3, false, "Dergelijke plaatshouder, om deze onnodige informatie te vullen met veel onzin.", -1, 110], "8": [[1727, 13, 16, 16], "sheep", "right", 1, false, 0, 0, [], 118810.9818034, 10, "back", 1, 118810.9818042, "small", false, 101, false, 0, 118810.9818048, 2, false, "Dergelijke plaatshouder, om deze onnodige informatie te vullen met veel onzin.", -1, 101], "9": [[1158, 1038, 16, 16], "wolfblack", "front", 1, true, 0, 0, [], 118810.9818102, 16, "back", 1, 118810.9818111, "small", true, 100, false, 0, 118810.9818115, 3, false, "Dergelijke plaatshouder, om deze onnodige informatie te vullen met veel onzin.", -1, 100], "10": [[993, 633, 16, 16], "sheep", "left", 1, false, 0, 0, [], 118810.9818168, 16, "left", 1, 118810.9818175, "big", false, 107, false, 0, 118810.9818179, 4, false, "Dergelijke plaatshouder, om deze onnodige informatie te vullen met veel onzin.", -1, 107], "11": [[1029, 660, 16, 16], "sheep", "right", 1, true, 0, 0, [], 118810.9818241, 8, "back", 1, 118810.9818249, "small", false, 106, false, 0, 118810.9818252, 4, false, "Dergelijke plaatshouder, om deze onnodige informatie te vullen met veel onzin.", -1, 106], "12": [[951, 370, 16, 16], "sheep", "left", 1, true, 0, 0, [], 118810.9818308, 7, "back", 1, 118810.9818316, "big", false, 103, false, 0, 118810.981832, 4, false, "Dergelijke plaatshouder, om deze onnodige informatie te vullen met veel onzin.", -1, 103], "13": [[1158, 1499, 16, 16], "wolfblack", "right", 1, false, 0, 0, [], 118810.9818373, 12, "left", 1, 118810.9818382, "small", true, 100, false, 0, 118810.9818386, 3, false, "Dergelijke plaatshouder, om deze onnodige informatie te vullen met veel onzin.", -1, 100], "14": [[1618, 1390, 16, 16], "wolfblack", "right", 1, true, 0, 0, [], 118810.9818439, 13, "front", 1, 118810.9818461, "big", false, 111, false, 0, 118810.9818465, 3, false, "Dergelijke plaatshouder, om deze onnodige informatie te vullen met veel onzin.", -1, 111], "15": [[1121, 601, 16, 16], "bearbrown", "front", 1, false, 0, 0, [], 118810.9818554, 6, "back", 1, 118810.9818561, "small", true, 180, false, 0, 118810.9818566, 2, false, "Dergelijke plaatshouder, om deze onnodige informatie te vullen met veel onzin.", -1, 180], "16": [[195, 1612, 16, 16], "ratwhite", "left", 1, true, 0, 0, [], 118810.9818618, 8, "right", 1, 118810.9818627, "tiny", false, 60, false, 0, 118810.9818632, 4, false, "Dergelijke plaatshouder, om deze onnodige informatie te vullen met veel onzin.", -1, 60], "17": [[1018, 1181, 16, 16], "bearbrown", "front", 1, false, 0, 0, [], 118810.9818682, 11, "left", 1, 118810.981869, "small", true, 180, false, 0, 118810.9818694, 2, false, "Dergelijke plaatshouder, om deze onnodige informatie te vullen met veel onzin.", -1, 180], "18": [[267, 2181, 16, 16], "sheep", "right", 1, true, 0, 0, [], 118810.9818752, 20, "back", 1, 118810.9818761, "big", false, 112, false, 0, 118810.9818765, 3, false, "Dergelijke plaatshouder, om deze onnodige informatie te vullen met veel onzin.", -1, 112], "19": [[1307, 626, 16, 16], "bearbrown", "right", 1, false, 0, 0, [], 118810.9818814, 15, "right", 1, 118810.9818822, "small", false, 180, false, 0, 118810.9818825, 2, false, "Dergelijke plaatshouder, om deze onnodige informatie te vullen met veel onzin.", -1, 180], "20": [[1556, 393, 16, 16], "sheep", "front", 1, false, 0, 0, [], 118810.9818877, 6, "right", 1, 118810.9818885, "big", true, 110, false, 0, 118810.9818889, 4, false, "Dergelijke plaatshouder, om deze onnodige informatie te vullen met veel onzin.", -1, 110], "21": [[1349, 1202, 16, 16], "bearbrown", "front", 1, false, 0, 0, [], 118810.9818937, 18, "front", 1, 118810.9818945, "big", true, 180, false, 0, 118810.9818949, 2, false, "Dergelijke plaatshouder, om deze onnodige informatie te vullen met veel onzin.", -1, 180], "22": [[1938, 101, 16, 16], "wolfbluebrown", "right", 1, true, 0, 0, [], 118810.9819028, 10, "left", 1, 118810.9819037, "small", false, 113, false, 0, 118810.9819041, 2, false, "Dergelijke plaatshouder, om deze onnodige informatie te vullen met veel onzin.", -1, 113], "23": [[1528, 1653, 16, 16], "wolfblack", "back", 1, false, 0, 0, [], 118810.9819095, 14, "left", 1, 118810.9819103, "big", true, 111, false, 0, 118810.9819108, 4, false, "Dergelijke plaatshouder, om deze onnodige informatie te vullen met veel onzin.", -1, 111], "24": [[1865, 2246, 16, 16], "sheep", "back", 1, false, 0, 0, [], 118810.981916, 18, "front", 1, 118810.9819168, "big", true, 106, false, 0, 118810.9819172, 4, false, "Dergelijke plaatshouder, om deze onnodige informatie te vullen met veel onzin.", -1, 106], "25": [[1626, 1133, 16, 16], "wolfblack", "left", 1, true, 0, 0, [], 118810.9819229, 8, "right", 1, 118810.9819237, "big", true, 107, false, 0, 118810.9819241, 2, false, "Dergelijke plaatshouder, om deze onnodige informatie te vullen met veel onzin.", -1, 107], "26": [[1367, 1459, 16, 16], "sheep", "back", 1, true, 0, 0, [], 118810.9819295, 7, "back", 1, 118810.9819304, "small", true, 107, false, 0, 118810.9819308, 2, false, "Dergelijke plaatshouder, om deze onnodige informatie te vullen met veel onzin.", -1, 107], "27": [[1012, 1671, 16, 16], "sheep", "front", 1, false, 0, 0, [], 118810.9819362, 17, "back", 1, 118810.981937, "big", true, 101, false, 0, 118810.9819374, 2, false, "Dergelijke plaatshouder, om deze onnodige informatie te vullen met veel onzin.", -1, 101], "28": [[1924, 385, 16, 16], "wolfbluebrown", "back", 1, false, 0, 0, [], 118810.9819439, 13, "front", 1, 118810.9819447, "big", false, 110, false, 0, 118810.9819451, 2, false, "Dergelijke plaatshouder, om deze onnodige informatie te vullen met veel onzin.", -1, 110], "29": [[1077, 1588, 16, 16], "sheep", "right", 1, true, 0, 0, [], 118810.9819502, 16, "front", 1, 118810.981951, "small", false, 113, false, 0, 118810.9819514, 2, false, "Dergelijke plaatshouder, om deze onnodige informatie te vullen met veel onzin.", -1, 113],