{"game_name": "SPELEN", "game_difficulty": 0, "time": 0, "animal_dict": {"0": [[58, 1096, 16, 16], "bearbrown", "right", 1, false, 0, 0, [], 110677.9640592, 20, "left", 1, 110677.9640604, "small", false, 180, false, 0, 110677.9640609, 4, false, "Dergelijke plaatshouder, om deze onnodige informatie te vullen met veel onzin.", -1, 180], "1": [[1094, 890, 16, 16], "wolfblack", "right", 1, false, 0, 0, [], 110677.9640738, 7, "front", 1, 110677.9640747, "big", true, 105, false, 0, 110677.9640752, 2, false, "Dergelijke plaatshouder, om deze onnodige informatie te vullen met veel onzin.", -1, 105], "2": [[425, 1346, 16, 16], "wolfblack", "right", 1, false, 0, 0, [], 110677.9640819, 16, "front", 1, 110677.9640826, "big", true, 104, false, 0, 110677.964083, 3, false, "Dergelijke plaatshouder, om deze onnodige informatie te vullen met veel onzin.", -1, 104], "3": [[1568, 232, 16, 16], "wolfblack", "back", 1, true, 0, 0, [], 110677.9640888, 14, "right", 1, 110677.9640895, "big", false, 109, false, 0, 110677.9640899, 3, false, "Dergelijke plaatshouder, om deze onnodige informatie te vullen met veel onzin.", -1, 109], "4": [[938, 2276, 16, 16], "wolfblack", "right", 1, false, 0, 0, [], 110677.9640957, 12, "front", 1, 110677.9640965, "small", true, 109, false, 0, 110677.9640969, 4, false, "Dergelijke plaatshouder, om deze onnodige informatie te vullen met veel onzin.", -1, 109], "5": [[494, 711, 16, 16], "sheep", "back", 1, true, 0, 0, [], 110677.9641026, 16, "front", 1, 110677.9641034, "big", false, 100, false, 0, 110677.9641038, 3, false, "Dergelijke plaatshouder, om deze onnodige informatie te vullen met veel onzin.", -1, 100], "6": [[581, 852, 16, 16], "sheep", "left", 1, false, 0, 0, [], 110677.9641096, 13, "right", 1, 110677.9641104, "small", true, 104, false, 0, 110677.9641108, 3, false, "Dergelijke plaatshouder, om deze onnodige informatie te vullen met veel onzin.", -1, 104], "7": [[548, 334, 16, 16], "ratwhite", "left", 1, true, 0, 0, [], 110677.9641168, 15, "right", 1, 110677.9641177, "tiny", false, 60, false, 0, 110677.9641181, 3, false, "Dergelijke plaatshouder, om deze onnodige informatie te vullen met veel onzin.", -1, 60], "8": [[1464, 257, 16, 16], "wolfbluebrown", "left", 1, true, 0, 0, [], 110677.9641245, 12, "right", 1, 110677.9641252, "big", false, 108, false, 0, 110677.9641256, 3, false, "Dergelijke plaatshouder, om deze onnodige informatie te vullen met veel onzin.", -1, 108], "9": [[624, 1572, 16, 16], "wolfblack", "left", 1, false, 0, 0, [], 110677.9641315, 17, "front", 1, 110677.9641323, "small", false, 115, false, 0, 110677.9641327, 3, false, "Dergelijke plaatshouder, om deze onnodige informatie te vullen met veel onzin.", -1, 115], "10": [[1158, 2240, 16, 16], "wolfblack", "back", 1, true, 0, 0, [], 110677.9641381, 9, "right", 1, 110677.9641389, "big", true, 113, false, 0, 110677.9641394, 3, false, "Dergelijke plaatshouder, om deze onnodige informatie te vullen met veel onzin.", -1, 113], "11": [[32, 1622, 16, 16], "wolfwhite", "right", 1, true, 0, 0, [], 110677.9641456, 9, "left", 1, 110677.9641465, "small", true, 105, false, 0, 110677.9641469, 4, false, "Dergelijke plaatshouder, om deze onnodige informatie te vullen met veel onzin.", -1, 105], "12": [[778, 1605, 16, 16], "wolfblack", "left", 1, false, 0, 0, [], 110677.9641522, 20, "back", 1, 110677.9641533, "small", true, 110, false, 0, 110677.9641537, 4, false, "Dergelijke plaatshouder, om deze onnodige informatie te vullen met veel onzin.", -1, 110], "13": [[1031, 2050, 16, 16], "wolfblack", "left", 1, false, 0, 0, [], 110677.964159, 15, "right", 1, 110677.96416, "big", true, 102, false, 0, 110677.9641604, 3, false, "Dergelijke plaatshouder, om deze onnodige informatie te vullen met veel onzin.", -1, 102], "14": [[187, 1085, 16, 16], "bearbrown", "back", 1, false, 0, 0, [], 110677.9641672, 11, "front", 1, 110677.964168, "big", true, 180, false, 0, 110677.9641684, 2, false, "Dergelijke plaatshouder, om deze onnodige informatie te vullen met veel onzin.", -1, 180], "15": [[591, 277, 16, 16], "ratwhite", "back", 1, true, 0, 0, [], 110677.9641737, 20, "front", 1, 110677.9641745, "tiny", false, 60, false, 0, 110677.9641749, 4, false, "Dergelijke plaatshouder, om deze onnodige informatie te vullen met veel onzin.", -1, 60], "16": [[1454, 973, 16, 16], "wolfblack", "right", 1, false, 0, 0, [], 110677.9641805, 15, "front", 1, 110677.9641813, "big", true, 106, false, 0, 110677.9641817, 3, false, "Dergelijke plaatshouder, om deze onnodige informatie te vullen met veel onzin.", -1, 106], "17": [[1679, 780, 16, 16], "wolfblack", "front", 1, false, 0, 0, [], 110677.9641871, 18, "back", 1, 110677.9641878, "big", false, 100, false, 0, 110677.9641882, 2, false, "Dergelijke plaatshouder, om deze onnodige informatie te vullen met veel onzin.", -1, 100], "18": [[759, 420, 16, 16], "ratwhite", "right", 1, false, 0, 0, [], 110677.9641946, 14, "back", 1, 110677.9641954, "tiny", false, 60, false, 0, 110677.9641957, 4, false, "Dergelijke plaatshouder, om deze onnodige informatie te vullen met veel onzin.", -1, 60], "19": [[487, 345, 16, 16], "ratwhite", "right", 1, true, 0, 0, [], 110677.964201, 20, "back", 1, 110677.9642018, "tiny", false, 60, false, 0, 110677.9642023, 3, false, "Dergelijke plaatshouder, om deze onnodige informatie te vullen met veel onzin.", -1, 60], "20": [[136, 1885, 16, 16], "ratwhite", "back", 1, false, 0, 0, [], 110677.9642076, 11, "front", 1, 110677.9642084, "tiny", true, 60, false, 0, 110677.9642088, 2, false, "Dergelijke plaatshouder, om deze onnodige informatie te vullen met veel onzin.", -1, 60], "21": [[361, 1897, 16, 16], "wolfwhite", "front", 1, true, 0, 0, [], 110677.9642143, 16, "back", 1, 110677.9642151, "big", false, 101, false, 0, 110677.9642155, 2, false, "Dergelijke plaatshouder, om deze onnodige informatie te vullen met veel onzin.", -1, 101], "22": [[257, 1969, 16, 16], "sheep", "back", 1, false, 0, 0, [], 110677.9642216, 8, "back", 1, 110677.9642224, "big", false, 103, false, 0, 110677.9642228, 2, false, "Dergelijke plaatshouder, om deze onnodige informatie te vullen met veel onzin.", -1, 103], "23": [[920, 946, 16, 16], "sheep", "back", 1, true, 0, 0, [], 110677.9642285, 20, "left", 1, 110677.9642293, "big", false, 102, false, 0, 110677.9642297, 3, false, "Dergelijke plaatshouder, om deze onnodige informatie te vullen met veel onzin.", -1, 102], "24": [[812, 500, 16, 16], "sheep", "front", 1, false, 0, 0, [], 110677.9642353, 6, "right", 1, 110677.9642363, "big", false, 113, false, 0, 110677.9642366, 2, false, "Dergelijke plaatshouder, om deze onnodige informatie te vullen met veel onzin.", -1, 113]}, "alive_enemies": [], "player": {"x": 1176.0, "y": 1176.0, "energy_value": 100, "food_value": 10000, "health_value": 10}, "inventory": {"block_fill": {"0": "axe ", "1": "pickaxe ", "2": "sword ", "3": "", "4": "", "5": "", "6": "", "7": "", "8": "", "9": "", "10": "", "11": "", "12": "", "13": "", "14": "", "15": "", "16": "", "17": "", "18": "", "19": "", "20": "", "21": "", "22": "", "23": "", "24": "", "25": "", "26": ""}, "item_count_dict": {"0": 1, "1": 1, "2": 1, "3": 0, "4": 0, "5": 0, "6": 0, "7": 0, "8": 0, "9": 0, "10": 0, "11": 0, "12": 0, "13": 0, "14": 0, "15": 0, "16": 0, "17": 0, "18": 0, "19": 0, "20": 0, "21": 0, "22": 0, "23": 0, "24": 0, "25": 0, "26": 0}}}