{"game_name": "abs", "game_difficulty": 0, "time": 70.5, "animal_dict": {"0": [[1919, 1992, 16, 16], "wolfbluebrown", "front", 1, false, 0, 0, [], 109118.5278993, 6, "front", 1, 109118.5279004, "small", false, 109, false, 0, 109118.5279009, 2, false, "Dergelijke plaatshouder, om deze onnodige informatie te vullen met veel onzin.", -1, 109], "1": [[2086, 1993, 16, 16], "wolfbluebrown", "back", 1, false, 0, 0, [], 109118.5279131, 6, "left", 1, 109118.527914, "big", false, 109, false, 0, 109118.5279145, 4, false, "Dergelijke plaatshouder, om deze onnodige informatie te vullen met veel onzin.", -1, 109], "2": [[78, 1064, 16, 16], "sheep", "back", 1, false, 0, 0, [], 109118.5279207, 10, "left", 1, 109118.5279216, "small", false, 111, false, 0, 109118.5279219, 4, false, "Dergelijke plaatshouder, om deze onnodige informatie te vullen met veel onzin.", -1, 111], "3": [[1223, 203, 16, 16], "bearbrown", "left", 1, false, 0, 0, [], 109118.5279277, 12, "right", 1, 109118.5279286, "big", false, 180, false, 0, 109118.5279289, 2, false, "Dergelijke plaatshouder, om deze onnodige informatie te vullen met veel onzin.", -1, 180], "4": [[335, 1809, 16, 16], "bearbrown", "left", 1, false, 0, [], [], 109118.5279339, 14, "front", 1, 109119.1281123, "small", false, 180, false, 0, 109118.5279351, 3, false, "Dergelijke plaatshouder, om deze onnodige informatie te vullen met veel onzin.", -1, 180], "5": [[2184, 2309, 16, 16], "bearbrown", "left", 1, false, 0, [], [], 109118.5279401, 6, "front", 1, 109119.1281147, "small", true, 180, false, 0, 109118.5279414, 4, false, "Dergelijke plaatshouder, om deze onnodige informatie te vullen met veel onzin.", -1, 180], "6": [[1318, 363, 16, 16], "bearbrown", "right", 1, false, 0, 0, [], 109118.5279469, 12, "left", 1, 109118.5279477, "big", false, 180, false, 0, 109118.5279484, 3, false, "Dergelijke plaatshouder, om deze onnodige informatie te vullen met veel onzin.", -1, 180], "7": [[396, 1059, 16, 16], "sheep", "right", 1, false, 0, [], [], 109118.5279541, 14, "left", 1, 109119.128119, "big", false, 107, false, 0, 109118.5279552, 3, false, "Dergelijke plaatshouder, om deze onnodige informatie te vullen met veel onzin.", -1, 107], "8": [[1769, 511, 16, 16], "wolfblack", "back", 1, false, 0, [], [], 109118.5279616, 17, "right", 1, 109119.1281213, "big", true, 101, false, 0, 109118.5279627, 4, false, "Dergelijke plaatshouder, om deze onnodige informatie te vullen met veel onzin.", -1, 101], "9": [[1381, 274, 16, 16], "bearbrown", "back", 1, false, 0, [], [], 109118.5279675, 15, "right", 1, 109119.1281281, "small", true, 180, false, 0, 109118.5279688, 2, false, "Dergelijke plaatshouder, om deze onnodige informatie te vullen met veel onzin.", -1, 180], "10": [[1957, 1395, 16, 16], "bearbrown", "front", 1, false, 0, [], [], 109118.5279742, 6, "front", 1, 109119.1281304, "small", false, 180, false, 0, 109118.5279754, 4, false, "Dergelijke plaatshouder, om deze onnodige informatie te vullen met veel onzin.", -1, 180], "11": [[1110, 641, 16, 16], "wolfbluebrown", "back", 1, false, 0, [], [], 109118.5279816, 10, "right", 1, 109119.1281325, "small", true, 107, false, 0, 109118.5279828, 2, false, "Dergelijke plaatshouder, om deze onnodige informatie te vullen met veel onzin.", -1, 107], "12": [[1750, 2307, 16, 16], "bearbrown", "front", 1, false, 0, [], [], 109118.5279879, 19, "left", 1, 109119.1281353, "small", true, 180, false, 0, 109118.5279891, 3, false, "Dergelijke plaatshouder, om deze onnodige informatie te vullen met veel onzin.", -1, 180], "13": [[1242, 411, 16, 16], "bearbrown", "front", 1, false, 0, 0, [], 109118.527994, 13, "back", 1, 109118.5279949, "big", true, 180, false, 0, 109118.5279954, 3, false, "Dergelijke plaatshouder, om deze onnodige informatie te vullen met veel onzin.", -1, 180], "14": [[1898, 2242, 16, 16], "bearbrown", "front", 1, false, 0, 0, [], 109118.5280003, 17, "back", 1, 109118.5280011, "big", false, 180, false, 0, 109118.5280014, 4, false, "Dergelijke plaatshouder, om deze onnodige informatie te vullen met veel onzin.", -1, 180], "15": [[209, 914, 16, 16], "wolfbluebrown", "left", 1, false, 0, 0, [], 109118.5280069, 10, "back", 1, 109118.5280076, "big", false, 103, false, 0, 109118.5280082, 2, false, "Dergelijke plaatshouder, om deze onnodige informatie te vullen met veel onzin.", -1, 103], "16": [[1093, 796, 16, 16], "wolfbluebrown", "back", 1, false, 0, 0, [], 109118.5280139, 15, "right", 1, 109118.5280147, "big", true, 105, false, 0, 109118.5280151, 3, false, "Dergelijke plaatshouder, om deze onnodige informatie te vullen met veel onzin.", -1, 105], "17": [[1832, 5, 16, 16], "wolfwhite", "back", 1, false, 0, 0, [], 109118.5280206, 10, "front", 1, 109118.5280214, "big", false, 102, false, 0, 109118.5280218, 4, false, "Dergelijke plaatshouder, om deze onnodige informatie te vullen met veel onzin.", -1, 102], "18": [[758, 692, 16, 16], "wolfbluebrown", "left", 1, false, 0, [], [], 109118.5280273, 13, "front", 1, 109119.1281553, "small", true, 103, false, 0, 109118.5280284, 3, false, "Dergelijke plaatshouder, om deze onnodige informatie te vullen met veel onzin.", -1, 103], "19": [[92, 926, 16, 16], "sheep", "front", 1, false, 0, [], [], 109118.528034, 18, "back", 1, 109119.1281585, "small", false, 101, false, 0, 109118.5280352, 3, false, "Dergelijke plaatshouder, om deze onnodige informatie te vullen met veel onzin.", -1, 101], "20": [[1939, 2305, 16, 16], "wolfbluebrown", "left", 1, false, 0, [], [], 109118.5280405, 12, "right", 1, 109119.1281619, "small", false, 101, false, 0, 109118.5280417, 4, false, "Dergelijke plaatshouder, om deze onnodige informatie te vullen met veel onzin.", -1, 101], "21": [[186, 1103, 16, 16], "sheep", "back", 1, false, 0, [], [], 109118.5280468, 7, "back", 1, 109119.1281649, "big", true, 101, false, 0, 109118.528048, 2, false, "Dergelijke plaatshouder, om deze onnodige informatie te vullen met veel onzin.", -1, 101], "22": [[364, 1622, 16, 16], "bearbrown", "left", 1, false, 0, 0, [], 109118.5280534, 15, "back", 1, 109118.5280542, "big", true, 180, false, 0, 109118.5280546, 2, false, "Dergelijke plaatshouder, om deze onnodige informatie te vullen met veel onzin.", -1, 180], "23": [[853, 1889, 16, 16], "sheep", "front", 1, false, 0, [], [], 109118.5280598, 10, "left", 1, 109119.1281689, "big", true, 115, false, 0, 109118.528061, 2, false, "Dergelijke plaatshouder, om deze onnodige informatie te vullen met veel onzin.", -1, 115], "24": [[1833, 2391, 16, 16], "bearbrown", "right", 1, false, 0, [], [], 109118.5280656, 20, "right", 1, 109119.1281706, "big", true, 180, false, 0, 109118.5280668, 3, false, "Dergelijke plaatshouder, om deze onnodige informatie te vullen met veel onzin.", -1, 180]}, "alive_enemies": [], "player": {"x": 1176.0, "y": 1176.0, "energy_value": 100, "food_value": 9973.690000000071, "health_value": 10}, "inventory": {"block_fill": {"0": "axe ", "1": "pickaxe ", "2": "sword ", "3": "", "4": "", "5": "", "6": "", "7": "", "8": "", "9": "", "10": "", "11": "", "12": "", "13": "", "14": "", "15": "", "16": "", "17": "", "18": "", "19": "", "20": "", "21": "", "22": "", "23": "", "24": "", "25": "", "26": ""}, "item_count_dict": {"0": 1, "1": 1, "2": 1, "3": 0, "4": 0, "5": 0, "6": 0, "7": 0, "8": 0, "9": 0, "10": 0, "11": 0, "12": 0, "13": 0, "14": 0, "15": 0, "16": 0, "17": 0, "18": 0, "19": 0, "20": 0, "21": 0, "22": 0, "23": 0, "24": 0, "25": 0, "26": 0}}}