{
  "game_name": "Tester",
  "game_difficulty": 0,
  "time": 0,
  "seed": "160",
  "night_count": 0,
  "is_night": false,
  "animal_dict": {
    "0": [
      [1410, 1433, 16, 16],
      "wolfblack",
      "back",
      1,
      false,
      0,
      0,
      [],
      14725.6658979,
      9,
      "back",
      1,
      14725.6658991,
      "big",
      true,
      103,
      false,
      0,
      14725.6658997,
      3,
      false,
      "Dergelijke plaatshouder, om deze onnodige informatie te vullen met veel onzin.",
      -1,
      103
    ],
    "1": [
      [117, 1633, 16, 16],
      "sheep",
      "right",
      1,
      false,
      0,
      0,
      [],
      14725.6659131,
      6,
      "front",
      1,
      14725.665914,
      "small",
      true,
      104,
      false,
      0,
      14725.6659144,
      2,
      false,
      "Dergelijke plaatshouder, om deze onnodige informatie te vullen met veel onzin.",
      -1,
      104
    ],
    "2": [
      [1461, 1098, 16, 16],
      "bearbrown",
      "front",
      1,
      true,
      0,
      0,
      [],
      14725.6659212,
      19,
      "right",
      1,
      14725.6659221,
      "small",
      false,
      180,
      false,
      0,
      14725.6659228,
      4,
      false,
      "Dergelijke plaatshouder, om deze onnodige informatie te vullen met veel onzin.",
      -1,
      180
    ],
    "3": [
      [570, 1302, 16, 16],
      "wolfblack",
      "back",
      1,
      true,
      0,
      0,
      [],
      14725.6659294,
      10,
      "back",
      1,
      14725.6659302,
      "big",
      false,
      100,
      false,
      0,
      14725.6659307,
      2,
      false,
      "Dergelijke plaatshouder, om deze onnodige informatie te vullen met veel onzin.",
      -1,
      100
    ],
    "4": [
      [617, 1552, 16, 16],
      "sheep",
      "right",
      1,
      true,
      0,
      0,
      [],
      14725.6659369,
      6,
      "right",
      1,
      14725.6659381,
      "small",
      false,
      107,
      false,
      0,
      14725.6659385,
      3,
      false,
      "Dergelijke plaatshouder, om deze onnodige informatie te vullen met veel onzin.",
      -1,
      107
    ],
    "5": [
      [561, 877, 16, 16],
      "sheep",
      "left",
      1,
      false,
      0,
      0,
      [],
      14725.6659442,
      11,
      "left",
      1,
      14725.665945,
      "small",
      false,
      114,
      false,
      0,
      14725.6659454,
      3,
      false,
      "Dergelijke plaatshouder, om deze onnodige informatie te vullen met veel onzin.",
      -1,
      114
    ],
    "6": [
      [2270, 1638, 16, 16],
      "wolfwhite",
      "left",
      1,
      false,
      0,
      0,
      [],
      14725.6659518,
      7,
      "left",
      1,
      14725.6659527,
      "big",
      true,
      102,
      false,
      0,
      14725.6659531,
      4,
      false,
      "Dergelijke plaatshouder, om deze onnodige informatie te vullen met veel onzin.",
      -1,
      102
    ],
    "7": [
      [815, 1435, 16, 16],
      "bearbrown",
      "front",
      1,
      true,
      0,
      0,
      [],
      14725.665959,
      6,
      "back",
      1,
      14725.6659599,
      "big",
      true,
      180,
      false,
      0,
      14725.6659603,
      2,
      false,
      "Dergelijke plaatshouder, om deze onnodige informatie te vullen met veel onzin.",
      -1,
      180
    ],
    "8": [
      [691, 1131, 16, 16],
      "wolfblack",
      "front",
      1,
      true,
      0,
      0,
      [],
      14725.6659658,
      15,
      "left",
      1,
      14725.6659666,
      "big",
      false,
      108,
      false,
      0,
      14725.6659671,
      3,
      false,
      "Dergelijke plaatshouder, om deze onnodige informatie te vullen met veel onzin.",
      -1,
      108
    ],
    "9": [
      [952, 245, 16, 16],
      "bearbrown",
      "back",
      1,
      true,
      0,
      0,
      [],
      14725.6659726,
      17,
      "back",
      1,
      14725.6659734,
      "big",
      false,
      180,
      false,
      0,
      14725.6659738,
      2,
      false,
      "Dergelijke plaatshouder, om deze onnodige informatie te vullen met veel onzin.",
      -1,
      180
    ],
    "10": [
      [2310, 1666, 16, 16],
      "wolfwhite",
      "right",
      1,
      false,
      0,
      0,
      [],
      14725.6659797,
      11,
      "left",
      1,
      14725.6659806,
      "big",
      false,
      109,
      false,
      0,
      14725.665981,
      2,
      false,
      "Dergelijke plaatshouder, om deze onnodige informatie te vullen met veel onzin.",
      -1,
      109
    ],
    "11": [
      [513, 1378, 16, 16],
      "wolfblack",
      "front",
      1,
      false,
      0,
      0,
      [],
      14725.6659874,
      10,
      "right",
      1,
      14725.6659883,
      "big",
      false,
      105,
      false,
      0,
      14725.6659887,
      4,
      false,
      "Dergelijke plaatshouder, om deze onnodige informatie te vullen met veel onzin.",
      -1,
      105
    ],
    "12": [
      [495, 1574, 16, 16],
      "sheep",
      "back",
      1,
      true,
      0,
      0,
      [],
      14725.6659952,
      6,
      "front",
      1,
      14725.665996,
      "big",
      false,
      113,
      false,
      0,
      14725.6659964,
      4,
      false,
      "Dergelijke plaatshouder, om deze onnodige informatie te vullen met veel onzin.",
      -1,
      113
    ],
    "13": [
      [939, 879, 16, 16],
      "wolfwhite",
      "right",
      1,
      false,
      0,
      0,
      [],
      14725.6660019,
      18,
      "left",
      1,
      14725.6660029,
      "small",
      false,
      105,
      false,
      0,
      14725.6660034,
      3,
      false,
      "Dergelijke plaatshouder, om deze onnodige informatie te vullen met veel onzin.",
      -1,
      105
    ],
    "14": [
      [655, 1098, 16, 16],
      "bearbrown",
      "back",
      1,
      false,
      0,
      0,
      [],
      14725.6660088,
      7,
      "back",
      1,
      14725.6660096,
      "small",
      false,
      180,
      false,
      0,
      14725.66601,
      4,
      false,
      "Dergelijke plaatshouder, om deze onnodige informatie te vullen met veel onzin.",
      -1,
      180
    ],
    "15": [
      [2185, 338, 16, 16],
      "sheep",
      "left",
      1,
      true,
      0,
      0,
      [],
      14725.6660158,
      7,
      "back",
      1,
      14725.6660167,
      "big",
      false,
      104,
      false,
      0,
      14725.6660172,
      2,
      false,
      "Dergelijke plaatshouder, om deze onnodige informatie te vullen met veel onzin.",
      -1,
      104
    ],
    "16": [
      [59, 496, 16, 16],
      "wolfbluebrown",
      "right",
      1,
      false,
      0,
      0,
      [],
      14725.6660234,
      19,
      "back",
      1,
      14725.6660243,
      "small",
      false,
      105,
      false,
      0,
      14725.6660247,
      3,
      false,
      "Dergelijke plaatshouder, om deze onnodige informatie te vullen met veel onzin.",
      -1,
      105
    ],
    "17": [
      [1447, 1313, 16, 16],
      "bearbrown",
      "front",
      1,
      true,
      0,
      0,
      [],
      14725.6660301,
      10,
      "front",
      1,
      14725.6660309,
      "big",
      false,
      180,
      false,
      0,
      14725.6660313,
      4,
      false,
      "Dergelijke plaatshouder, om deze onnodige informatie te vullen met veel onzin.",
      -1,
      180
    ],
    "18": [
      [1108, 1308, 16, 16],
      "wolfblack",
      "back",
      1,
      false,
      0,
      0,
      [],
      14725.6660368,
      20,
      "front",
      1,
      14725.6660377,
      "big",
      false,
      101,
      false,
      0,
      14725.666038,
      3,
      false,
      "Dergelijke plaatshouder, om deze onnodige informatie te vullen met veel onzin.",
      -1,
      101
    ],