{"game_name": "KAAS", "game_difficulty": 0, "time": 104.0, "animal_dict": {"0": [[1787, 526, 16, 16], "wolfblue", "right", 1, false, 0, 0, [], 109132.2250202, 9, "left", 1, 109132.2250213, "big", true, 101, false, 0, 109132.2250218, 2, false, "Dergelijke plaatshouder, om deze onnodige informatie te vullen met veel onzin.", -1, 101], "1": [[2108, 594, 16, 16], "bearbrown", "left", 1, false, 0, 0, [], 109132.2250339, 19, "right", 1, 109132.2250348, "small", true, 180, false, 0, 109132.2250353, 3, false, "Dergelijke plaatshouder, om deze onnodige informatie te vullen met veel onzin.", -1, 180], "3": [[1955, 1953, 16, 16], "bearbrown", "back", 1, false, 0, 0, [], 109132.2250434, 12, "left", 1, 109132.2250442, "small", false, 180, false, 0, 109132.2250446, 3, false, "Dergelijke plaatshouder, om deze onnodige informatie te vullen met veel onzin.", -1, 180], "4": [[1947, 1067, 16, 16], "bearbrown", "front", 1, false, 0, 0, [], 109132.2250497, 20, "front", 1, 109132.2250505, "big", false, 180, false, 0, 109132.2250509, 4, false, "Dergelijke plaatshouder, om deze onnodige informatie te vullen met veel onzin.", -1, 180], "5": [[713, 625, 16, 16], "sheep", "right", 1, false, 0, [], [], 109132.2250566, 6, "back", 1, 109132.8146234, "big", false, 103, false, 0, 109132.2250579, 4, false, "Dergelijke plaatshouder, om deze onnodige informatie te vullen met veel onzin.", -1, 103], "6": [[1759, 253, 16, 16], "wolfblue", "back", 1, false, 0, [], [], 109132.2250646, 16, "front", 1, 109132.8146276, "big", true, 101, false, 0, 109132.2250658, 4, false, "Dergelijke plaatshouder, om deze onnodige informatie te vullen met veel onzin.", -1, 101], "7": [[1708, 984, 16, 16], "wolfbluebrown", "back", 1, false, 0, [], [], 109132.2250723, 19, "left", 1, 109132.8146325, "small", false, 110, false, 0, 109132.2250735, 4, false, "Dergelijke plaatshouder, om deze onnodige informatie te vullen met veel onzin.", -1, 110], "8": [[2354, 826, 16, 16], "bearbrown", "left", 1, false, 0, [], [], 109132.2250783, 11, "front", 1, 109132.8146358, "small", true, 180, false, 0, 109132.2250794, 3, false, "Dergelijke plaatshouder, om deze onnodige informatie te vullen met veel onzin.", -1, 180], "9": [[887, 418, 16, 16], "wolfwhite", "front", 1, false, 0, [], [], 109132.2250856, 17, "back", 1, 109132.8146396, "big", false, 100, false, 0, 109132.2250868, 3, false, "Dergelijke plaatshouder, om deze onnodige informatie te vullen met veel onzin.", -1, 100], "10": [[1991, 316, 16, 16], "wolfbluebrown", "front", 1, false, 0, 0, [], 109132.2250925, 17, "back", 1, 109132.2250933, "big", false, 109, false, 0, 109132.2250937, 4, false, "Dergelijke plaatshouder, om deze onnodige informatie te vullen met veel onzin.", -1, 109], "11": [[2163, 838, 16, 16], "bearbrown", "back", 1, false, 0, [], [], 109132.2250989, 12, "front", 1, 109132.8146497, "small", false, 180, false, 0, 109132.2251001, 3, false, "Dergelijke plaatshouder, om deze onnodige informatie te vullen met veel onzin.", -1, 180], "12": [[1727, 452, 16, 16], "wolfblue", "right", 1, false, 0, [], [], 109132.2251063, 11, "back", 1, 109132.814652, "big", true, 111, false, 0, 109132.2251075, 3, false, "Dergelijke plaatshouder, om deze onnodige informatie te vullen met veel onzin.", -1, 111], "13": [[1839, 567, 16, 16], "wolfblue", "right", 1, false, 0, [], [], 109132.2251131, 20, "right", 1, 109132.8146553, "big", false, 101, false, 0, 109132.2251146, 2, false, "Dergelijke plaatshouder, om deze onnodige informatie te vullen met veel onzin.", -1, 101], "14": [[941, 1409, 16, 16], "wolfwhite", "back", 1, false, 0, 0, [], 109132.2251212, 18, "left", 1, 109132.225122, "big", false, 115, false, 0, 109132.2251225, 2, false, "Dergelijke plaatshouder, om deze onnodige informatie te vullen met veel onzin.", -1, 115], "15": [[1676, 661, 16, 16], "wolfbluebrown", "left", 1, false, 0, 0, [], 109132.2251278, 15, "back", 1, 109132.2251286, "big", true, 103, false, 0, 109132.225129, 4, false, "Dergelijke plaatshouder, om deze onnodige informatie te vullen met veel onzin.", -1, 103], "16": [[565, 417, 16, 16], "sheep", "right", 1, false, 0, 0, [], 109132.2251342, 18, "back", 1, 109132.2251351, "big", true, 114, false, 0, 109132.2251355, 4, false, "Dergelijke plaatshouder, om deze onnodige informatie te vullen met veel onzin.", -1, 114], "17": [[1009, 41, 16, 16], "wolfwhite", "back", 1, false, 0, [], [], 109132.2251411, 13, "front", 1, 109132.8146696, "big", true, 103, false, 0, 109132.2251424, 2, false, "Dergelijke plaatshouder, om deze onnodige informatie te vullen met veel onzin.", -1, 103], "18": [[1003, 1777, 16, 16], "sheep", "right", 1, false, 0, [], [], 109132.2251479, 14, "front", 1, 109132.8146726, "big", true, 113, false, 0, 109132.2251491, 3, false, "Dergelijke plaatshouder, om deze onnodige informatie te vullen met veel onzin.", -1, 113], "19": [[1928, 36, 16, 16], "wolfblue", "front", 1, false, 0, [], [], 109132.2251546, 20, "back", 1, 109132.8146756, "big", true, 108, false, 0, 109132.2251559, 3, false, "Dergelijke plaatshouder, om deze onnodige informatie te vullen met veel onzin.", -1, 108], "20": [[716, 254, 16, 16], "wolfwhite", "right", 1, false, 0, 0, [], 109132.2251613, 6, "front", 1, 109132.2251621, "big", true, 110, false, 0, 109132.2251625, 2, false, "Dergelijke plaatshouder, om deze onnodige informatie te vullen met veel onzin.", -1, 110], "21": [[2039, 725, 16, 16], "wolfbluebrown", "right", 1, false, 0, [], [], 109132.2251677, 16, "right", 1, 109132.8146831, "big", true, 112, false, 0, 109132.2251688, 4, false, "Dergelijke plaatshouder, om deze onnodige informatie te vullen met veel onzin.", -1, 112], "22": [[2166, 338, 16, 16], "wolfblue", "left", 1, false, 0, [], [], 109132.2251741, 8, "back", 1, 109132.8146864, "small", true, 114, false, 0, 109132.2251753, 2, false, "Dergelijke plaatshouder, om deze onnodige informatie te vullen met veel onzin.", -1, 114], "23": [[2210, 330, 16, 16], "wolfblue", "right", 1, false, 0, 0, [], 109132.2251814, 13, "right", 1, 109132.2251822, "small", false, 108, false, 0, 109132.2251826, 2, false, "Dergelijke plaatshouder, om deze onnodige informatie te vullen met veel onzin.", -1, 108], "24": [[1981, 1904, 16, 16], "bearbrown", "back", 1, false, 0, 0, [], 109132.2251877, 9, "back", 1, 109132.2251885, "small", true, 180, false, 0, 109132.225189, 3, false, "Dergelijke plaatshouder, om deze onnodige informatie te vullen met veel onzin.", -1, 180], "25": [[2129, 978, 16, 16], "bearbrown", "left", 1, false, 0, 0, [], 109132.2251937, 13, "right", 1, 109132.2251945, "small", true, 180, false, 0, 109132.225195, 4, false, "Dergelijke plaatshouder, om deze onnodige informatie te vullen met veel onzin.", -1, 180], "26": [[1797, 491, 16, 16], "wolfblue", "right", 1, false, 0, [], [], 109132.2252002, 11, "left", 1, 109132.8146978, "big", true, 103, false, 0, 109132.2252014, 4, false, "Dergelijke plaatshouder, om deze onnodige informatie te vullen met veel onzin.", -1, 103], "27": [[884, 72, 16, 16], "wolfwhite", "right", 1, false, 0, 0, [], 109132.2252067, 18, "left", 1, 109132.2252077, "big", true, 112, false, 0, 109132.2252082, 4, false, "Dergelijke plaatshouder, om deze onnodige informatie te vullen met veel onzin.", -1, 112], "28": [[489, 519, 16, 16], "sheep", "right", 1, false, 0, 0, [], 109132.2252134, 10, "back", 1, 109132.2252141, "small", false, 105, false, 0, 109132.2252148, 3, false, "Dergelijke plaatshouder, om deze onnodige informatie te vullen met veel onzin.", -1, 105], "29": [[440, 528, 16, 16], "sheep", "left", 1, false, 0, 0, [], 109132.22522, 11, "front", 1, 109132.2252208, "small", true, 105, false, 0, 109132.2252212, 4, false, "Dergelijke plaatshouder, om deze onnodige informatie te vullen met veel onzin.", -1, 105], "30": [[2069, 821, 16, 16], "bearbrown", "right", 1, false, 0, [], [], 109132.2252263, 16, "back", 1, 109132.8147135, "big", true, 180, false, 0, 109132.2252275, 4, false, "Dergelijke plaatshouder, om deze onnodige informatie te vullen met veel onzin.", -1, 180],