{"game_name": "dddddddddddddddddddddddddddddd", "game_difficulty": 0, "time": 129.0, "animal_dict": {"0": [[145, 842, 16, 16], "wolfwhite", "left", 1, false, 0, 0, [], 21406.0476804, 15, "back", 1, 21406.0476819, "big", false, 112, false, 0, 21406.0476826, 4, false, "Dergelijke plaatshouder, om deze onnodige informatie te vullen met veel onzin.", -1, 112], "1": [[751, 472, 16, 16], "sheep", "right", 1, false, 0, 0, [], 21406.0477005, 15, "left", 1, 21406.0477015, "big", false, 103, false, 0, 21406.047702, 3, false, "Dergelijke plaatshouder, om deze onnodige informatie te vullen met veel onzin.", -1, 103], "2": [[185, 622, 16, 16], "sheep", "right", 1, false, 0, [], [], 21406.0477093, 14, "right", 1, 21406.7108299, "big", true, 101, false, 0, 21406.0477109, 3, false, "Dergelijke plaatshouder, om deze onnodige informatie te vullen met veel onzin.", -1, 101], "3": [[2018, 1522, 16, 16], "bearbrown", "right", 1, false, 0, [], [], 21406.0477185, 18, "front", 1, 21406.7108324, "small", true, 180, false, 0, 21406.04772, 2, false, "Dergelijke plaatshouder, om deze onnodige informatie te vullen met veel onzin.", -1, 180], "4": [[484, 429, 16, 16], "wolfbluebrown", "front", 1, false, 0, 57, [[-0.5, -0.5], [-0.5, -0.5], [-0.5, -0.5], [-0.5, -0.5], [-0.5, -0.5], [-0.5, -0.5], [-0.5, -0.5], [-0.5, -0.5], [-0.5, -0.5], [-0.5, -0.5], [-0.5, -0.5], [-0.5, -0.5], [-0.5, -0.5], [-0.5, -0.5], [-0.5, -0.5], [-0.5, -0.5], [-0.5, -0.5], [-0.5, -0.5], [-0.5, -0.5], [-0.5, -0.5], [-0.5, -0.5], [-0.5, -0.5], [-0.5, -0.5], [-0.5, -0.5], [-0.5, -0.5], [-0.5, -0.5], [-0.5, -0.5], [-0.5, -0.5], [-0.5, -0.5], [-0.5, -0.5], [-0.5, -0.5], [-0.5, -0.5], [-0.5, -0.5], [-0.5, -0.5], [-0.5, -0.5], [-0.5, -0.5], [-0.5, -0.5], [-0.5, -0.5], [-0.5, -0.5], [-0.5, -0.5], [-0.5, -0.5], [-0.5, -0.5], [-0.5, -0.5], [-0.5, -0.5], [-0.5, -0.5], [-0.5, -0.5], [-0.5, -0.5], [-0.5, -0.5], [-0.5, -0.5], [-0.5, -0.5], [-0.5, -0.5], [-0.5, -0.5], [-0.5, -0.5], [-0.5, -0.5], [-0.5, -0.5], [-0.5, -0.5], [-0.5, -0.5]], 21417.0568386, 11, "left", 1, 21406.7108351, "big", false, 115, false, 0, 21406.0477285, 3, false, "Dergelijke plaatshouder, om deze onnodige informatie te vullen met veel onzin.", -1, 115], "5": [[2149, 752, 16, 16], "sheep", "right", 1, false, 0, 0, [], 21406.0477349, 14, "right", 1, 21406.0477358, "small", false, 106, false, 0, 21406.0477362, 2, false, "Dergelijke plaatshouder, om deze onnodige informatie te vullen met veel onzin.", -1, 106], "6": [[176, 1975, 16, 16], "sheep", "front", 1, false, 0, 148, [[0.5, 0], [0.5, 0], [0.5, 0], [0.5, 0], [0.5, 0], [0.5, 0], [0.5, 0], [0.5, 0], [0.5, 0], [0.5, 0], [0.5, 0], [0.5, 0], [0.5, 0], [0.5, 0], [0.5, 0], [0.5, 0], [0.5, 0], [0.5, 0], [0.5, 0], [0.5, 0], [0.5, 0], [0.5, 0], [0.5, 0], [0.5, 0], [0.5, 0], [0.5, 0], [0.5, 0], [0.5, 0], [0.5, 0], [0.5, 0], [0.5, 0], [0.5, 0], [0.5, 0], [0.5, 0], [0.5, 0], [0.5, 0], [0.5, 0], [0.5, 0], [0.5, 0], [0.5, 0], [0.5, 0], [0.5, 0], [0.5, 0], [0.5, 0], [0.5, 0], [0.5, 0], [0.5, 0], [0.5, 0], [0.5, 0], [0.5, 0], [0.5, 0], [0.5, 0], [0.5, 0], [0.5, 0], [0.5, 0], [0.5, 0], [0.5, 0], [0.5, 0], [0.5, 0], [0.5, 0], [0.5, 0], [0.5, 0], [0.5, 0], [0.5, 0], [0.5, 0], [0.5, 0], [0.5, 0], [0.5, 0], [0.5, 0], [0.5, 0], [0.5, 0], [0.5, 0], [0.5, 0], [0.5, 0], [0.5, 0], [0.5, 0], [0.5, 0], [0.5, 0], [0.5, 0], [0.5, 0], [0.5, 0], [0.5, 0], [0.5, 0], [0.5, 0], [0.5, 0], [0.5, 0], [0.5, 0], [0.5, 0], [0.5, 0], [0.5, 0], [0.5, 0], [0.5, 0], [0.5, 0], [0.5, 0], [0.5, 0], [0.5, 0], [0.5, 0], [0.5, 0], [0.5, 0], [0.5, 0], [0.5, 0], [0.5, 0], [0.5, 0], [0.5, 0], [0.5, 0], [0.5, 0], [0.5, 0], [0.5, 0], [0.5, 0], [0.5, 0], [0.5, 0], [0.5, 0], [0.5, 0], [0.5, 0], [0.5, 0], [0.5, 0], [0.5, 0], [0.5, 0], [0.5, 0], [0.5, 0], [0.5, 0], [0.5, 0], [0.5, 0], [0.5, 0], [0.5, 0], [0.5, 0], [0.5, 0], [0.5, 0], [0.5, 0], [0.5, 0], [0.5, 0], [0.5, 0], [0.5, 0], [0.5, 0], [0.5, 0], [0.5, 0], [0.5, 0], [0.5, 0], [0.5, 0], [0.5, 0], [0.5, 0], [0.5, 0], [0.5, 0], [0.5, 0], [0.5, 0], [0.5, 0], [0.5, 0], [0.5, 0]], 21419.0593636, 13, "right", 1, 21406.0477438, "big", true, 107, false, 0, 21406.0477443, 3, false, "Dergelijke plaatshouder, om deze onnodige informatie te vullen met veel onzin.", -1, 107], "7": [[483, 781, 16, 16], "sheep", "left", 1, false, 0, [], [], 21406.0477538, 17, "right", 1, 21406.7108502, "big", true, 100, false, 0, 21406.0477556, 3, false, "Dergelijke plaatshouder, om deze onnodige informatie te vullen met veel onzin.", -1, 100], "8": [[276, 1952, 16, 16], "wolfblack", "left", 1, false, 0, 0, [], 21406.0477651, 16, "back", 1, 21406.047766, "big", true, 101, false, 0, 21406.0477667, 3, false, "Dergelijke plaatshouder, om deze onnodige informatie te vullen met veel onzin.", -1, 101], "9": [[473, 172, 16, 16], "sheep", "right", 1, false, 0, 78, [[0.5, 0.5], [0.5, 0.5], [0.5, 0.5], [0.5, 0.5], [0.5, 0.5], [0.5, 0.5], [0.5, 0.5], [0.5, 0.5], [0.5, 0.5], [0.5, 0.5], [0.5, 0.5], [0.5, 0.5], [0.5, 0.5], [0.5, 0.5], [0.5, 0.5], [0.5, 0.5], [0.5, 0.5], [0.5, 0.5], [0.5, 0.5], [0.5, 0.5], [0.5, 0.5], [0.5, 0.5], [0.5, 0.5], [0.5, 0.5], [0.5, 0.5], [0.5, 0.5], [0.5, 0.5], [0.5, 0.5], [0.5, 0.5], [0.5, 0.5], [0.5, 0.5], [0.5, 0.5], [0.5, 0.5], [0.5, 0.5], [0.5, 0.5], [0.5, 0.5], [0.5, 0.5], [0.5, 0.5], [0.5, 0.5], [0.5, 0.5], [0.5, 0.5], [0.5, 0.5], [0.5, 0.5], [0.5, 0.5], [0.5, 0.5], [0.5, 0.5], [0.5, 0.5], [0.5, 0.5], [0.5, 0.5], [0.5, 0.5], [0.5, 0.5], [0.5, 0.5], [0.5, 0.5], [0.5, 0.5], [0.5, 0.5], [0.5, 0.5], [0.5, 0.5], [0.5, 0.5], [0.5, 0.5], [0.5, 0.5], [0.5, 0.5], [0.5, 0.5], [0.5, 0.5], [0.5, 0.5], [0.5, 0.5], [0.5, 0.5], [0.5, 0.5], [0.5, 0.5], [0.5, 0.5], [0.5, 0.5], [0.5, 0.5], [0.5, 0.5], [0.5, 0.5], [0.5, 0.5], [0.5, 0.5], [0.5, 0.5], [0.5, 0.5], [0.5, 0.5]], 21413.0558774, 7, "right", 1, 21406.0477741, "small", false, 115, false, 0, 21406.0477746, 3, false, "Dergelijke plaatshouder, om deze onnodige informatie te vullen met veel onzin.", -1, 115], "10": [[832, 1859, 16, 16], "sheep", "back", 1, false, 0, 64, [[-0.5, 0], [-0.5, 0], [-0.5, 0], [-0.5, 0], [-0.5, 0], [-0.5, 0], [-0.5, 0], [-0.5, 0], [-0.5, 0], [-0.5, 0], [-0.5, 0], [-0.5, 0], [-0.5, 0], [-0.5, 0], [-0.5, 0], [-0.5, 0], [-0.5, 0], [-0.5, 0], [-0.5, 0], [-0.5, 0], [-0.5, 0], [-0.5, 0], [-0.5, 0], [-0.5, 0], [-0.5, 0], [-0.5, 0], [-0.5, 0], [-0.5, 0], [-0.5, 0], [-0.5, 0], [-0.5, 0], [-0.5, 0], [-0.5, 0], [-0.5, 0], [-0.5, 0], [-0.5, 0], [-0.5, 0], [-0.5, 0], [-0.5, 0], [-0.5, 0], [-0.5, 0], [-0.5, 0], [-0.5, 0], [-0.5, 0], [-0.5, 0], [-0.5, 0], [-0.5, 0], [-0.5, 0], [-0.5, 0], [-0.5, 0], [-0.5, 0], [-0.5, 0], [-0.5, 0], [-0.5, 0], [-0.5, 0], [-0.5, 0], [-0.5, 0], [-0.5, 0], [-0.5, 0], [-0.5, 0], [-0.5, 0], [-0.5, 0], [-0.5, 0], [-0.5, 0]], 21418.0588744, 12, "left", 1, 21406.7108571, "small", false, 100, false, 0, 21406.0477825, 4, false, "Dergelijke plaatshouder, om deze onnodige informatie te vullen met veel onzin.", -1, 100], "11": [[472, 761, 16, 16], "sheep", "front", 1, false, 0, 80, [[0.5, 0], [0.5, 0], [0.5, 0], [0.5, 0], [0.5, 0], [0.5, 0], [0.5, 0], [0.5, 0], [0.5, 0], [0.5, 0], [0.5, 0], [0.5, 0], [0.5, 0], [0.5, 0], [0.5, 0], [0.5, 0], [0.5, 0], [0.5, 0], [0.5, 0], [0.5, 0], [0.5, 0], [0.5, 0], [0.5, 0], [0.5, 0], [0.5, 0], [0.5, 0], [0.5, 0], [0.5, 0], [0.5, 0], [0.5, 0], [0.5, 0], [0.5, 0], [0.5, 0], [0.5, 0], [0.5, 0], [0.5, 0], [0.5, 0], [0.5, 0], [0.5, 0], [0.5, 0], [0.5, 0], [0.5, 0], [0.5, 0], [0.5, 0], [0.5, 0], [0.5, 0], [0.5, 0], [0.5, 0], [0.5, 0], [0.5, 0], [0.5, 0], [0.5, 0], [0.5, 0], [0.5, 0], [0.5, 0], [0.5, 0], [0.5, 0], [0.5, 0], [0.5, 0], [0.5, 0], [0.5, 0], [0.5, 0], [0.5, 0], [0.5, 0], [0.5, 0], [0.5, 0], [0.5, 0], [0.5, 0], [0.5, 0], [0.5, 0], [0.5, 0], [0.5, 0], [0.5, 0], [0.5, 0], [0.5, 0], [0.5, 0], [0.5, 0], [0.5, 0], [0.5, 0], [0.5, 0]], 21414.0633137, 8, "right", 1, 21406.7108593, "small", true, 108, false, 0, 21406.0477905, 3, false, "Dergelijke plaatshouder, om deze onnodige informatie te vullen met veel onzin.", -1, 108], "12": [[1847, 870, 16, 16],