{"game_name": "test2", "game_difficulty": 0, "time": 35.5, "animal_dict": {"0": [[1889, 2202, 16, 16], "ratwhite", "left", 1, false, 0, [], [], 1143.0075318, 15, "front", 1, 1143.5220561, "tiny", false, 60, false, 0, 1143.0075333, 4, false, "Dergelijke plaatshouder, om deze onnodige informatie te vullen met veel onzin.", -1, 60], "1": [[1442, 1847, 16, 16], "sheep", "left", 1, false, 0, 0, [], 1143.007546, 12, "right", 1, 1143.0075466, "small", false, 100, false, 0, 1143.0075469, 2, false, "Dergelijke plaatshouder, om deze onnodige informatie te vullen met veel onzin.", -1, 100], "2": [[260, 1033, 16, 16], "sheep", "right", 1, false, 0, [], [], 1143.0075525, 12, "left", 1, 1143.522064, "small", true, 115, false, 0, 1143.0075533, 2, false, "Dergelijke plaatshouder, om deze onnodige informatie te vullen met veel onzin.", -1, 115], "3": [[608, 988, 16, 16], "sheep", "right", 1, false, 0, [], [], 1143.0075574, 18, "back", 1, 1143.5220663, "small", true, 107, false, 0, 1143.0075582, 4, false, "Dergelijke plaatshouder, om deze onnodige informatie te vullen met veel onzin.", -1, 107], "4": [[1175, 967, 16, 16], "wolfwhite", "front", 1, false, 0, 0, [], 1143.0075623, 19, "left", 1, 1143.0075629, "small", true, 112, false, 0, 1143.0075632, 4, false, "Dergelijke plaatshouder, om deze onnodige informatie te vullen met veel onzin.", -1, 112], "5": [[1405, 1742, 16, 16], "wolfblack", "back", 1, false, 0, [], [], 1143.0075671, 8, "back", 1, 1143.5220702, "small", true, 114, false, 0, 1143.0075679, 4, false, "Dergelijke plaatshouder, om deze onnodige informatie te vullen met veel onzin.", -1, 114], "6": [[2167, 399, 16, 16], "sheep", "left", 1, false, 0, [], [], 1143.0075721, 12, "right", 1, 1143.5220724, "big", false, 110, false, 0, 1143.007573, 2, false, "Dergelijke plaatshouder, om deze onnodige informatie te vullen met veel onzin.", -1, 110], "7": [[992, 1943, 16, 16], "bearbrown", "right", 1, false, 0, 0, [], 1143.0075792, 10, "right", 1, 1143.00758, "big", true, 180, false, 0, 1143.0075804, 3, false, "Dergelijke plaatshouder, om deze onnodige informatie te vullen met veel onzin.", -1, 180], "8": [[1408, 1031, 16, 16], "sheep", "front", 1, false, 0, [], [], 1143.007588, 13, "front", 1, 1143.5220799, "small", false, 106, false, 0, 1143.007589, 4, false, "Dergelijke plaatshouder, om deze onnodige informatie te vullen met veel onzin.", -1, 106], "9": [[497, 882, 16, 16], "sheep", "front", 1, false, 0, [], [], 1143.0075933, 14, "back", 1, 1143.5220822, "big", true, 110, false, 0, 1143.0075943, 4, false, "Dergelijke plaatshouder, om deze onnodige informatie te vullen met veel onzin.", -1, 110], "10": [[1708, 1458, 16, 16], "wolfblack", "front", 1, false, 0, 0, [], 1143.0075988, 9, "left", 1, 1143.0075995, "small", false, 115, false, 0, 1143.0075997, 2, false, "Dergelijke plaatshouder, om deze onnodige informatie te vullen met veel onzin.", -1, 115], "11": [[1627, 1362, 16, 16], "sheep", "right", 1, false, 0, 0, [], 1143.007604, 13, "left", 1, 1143.0076046, "big", false, 104, false, 0, 1143.0076048, 3, false, "Dergelijke plaatshouder, om deze onnodige informatie te vullen met veel onzin.", -1, 104], "12": [[1553, 1094, 16, 16], "sheep", "left", 1, false, 0, [], [], 1143.0076084, 19, "back", 1, 1143.5220871, "small", false, 109, false, 0, 1143.0076092, 3, false, "Dergelijke plaatshouder, om deze onnodige informatie te vullen met veel onzin.", -1, 109], "13": [[1224, 1387, 16, 16], "wolfwhite", "right", 1, false, 0, [], [], 1143.0076128, 7, "left", 1, 1143.5220885, "small", true, 102, false, 0, 1143.0076137, 2, false, "Dergelijke plaatshouder, om deze onnodige informatie te vullen met veel onzin.", -1, 102], "14": [[1502, 2200, 16, 16], "ratwhite", "right", 1, false, 0, 0, [], 1143.0076181, 17, "back", 1, 1143.0076186, "tiny", false, 60, false, 0, 1143.0076191, 2, false, "Dergelijke plaatshouder, om deze onnodige informatie te vullen met veel onzin.", -1, 60], "16": [[2024, 2009, 16, 16], "bearbrown", "front", 1, false, 0, 0, [], 1143.0076242, 15, "back", 1, 1143.0076246, "big", false, 180, false, 0, 1143.0076249, 3, false, "Dergelijke plaatshouder, om deze onnodige informatie te vullen met veel onzin.", -1, 180], "17": [[1900, 84, 16, 16], "wolfbluebrown", "right", 1, false, 0, 0, [], 1143.0076287, 14, "left", 1, 1143.0076292, "big", true, 106, false, 0, 1143.0076294, 2, false, "Dergelijke plaatshouder, om deze onnodige informatie te vullen met veel onzin.", -1, 106], "18": [[1537, 1548, 16, 16], "sheep", "left", 1, false, 0, 0, [], 1143.0076329, 17, "back", 1, 1143.0076334, "big", true, 102, false, 0, 1143.0076336, 2, false, "Dergelijke plaatshouder, om deze onnodige informatie te vullen met veel onzin.", -1, 102], "19": [[1081, 1229, 16, 16], "wolfwhite", "left", 1, false, 0, 0, [], 1143.0076369, 20, "left", 1, 1143.0076374, "small", true, 102, false, 0, 1143.0076376, 4, false, "Dergelijke plaatshouder, om deze onnodige informatie te vullen met veel onzin.", -1, 102], "20": [[1307, 1514, 16, 16], "sheep", "front", 1, false, 0, 0, [], 1143.0076411, 18, "left", 1, 1143.0076416, "small", false, 100, false, 0, 1143.0076419, 4, false, "Dergelijke plaatshouder, om deze onnodige informatie te vullen met veel onzin.", -1, 100], "21": [[1521, 1236, 16, 16], "sheep", "right", 1, false, 0, 0, [], 1143.0076464, 17, "right", 1, 1143.0076469, "big", true, 110, false, 0, 1143.0076471, 2, false, "Dergelijke plaatshouder, om deze onnodige informatie te vullen met veel onzin.", -1, 110], "22": [[221, 917, 16, 16], "sheep", "right", 1, false, 0, 0, [], 1143.0076508, 20, "front", 1, 1143.0076513, "small", false, 107, false, 0, 1143.0076515, 4, false, "Dergelijke plaatshouder, om deze onnodige informatie te vullen met veel onzin.", -1, 107], "23": [[1442, 1894, 16, 16], "wolfblack", "right", 1, false, 0, 0, [], 1143.0076553, 13, "front", 1, 1143.0076558, "big", false, 100, false, 0, 1143.0076562, 3, false, "Dergelijke plaatshouder, om deze onnodige informatie te vullen met veel onzin.", -1, 100], "24": [[1628, 1090, 16, 16], "wolfblack", "front", 1, false, 0, 0, [], 1143.0076595, 17, "left", 1, 1143.00766, "small", true, 112, false, 0, 1143.0076603, 3, false, "Dergelijke plaatshouder, om deze onnodige informatie te vullen met veel onzin.", -1, 112], "25": [[1557, 1735, 16, 16], "sheepbrown", "back", 1, false, 0, 0, [], 1143.0076636, 14, "front", 1, 1143.0076643, "big", false, 111, false, 0, 1143.0076646, 2, false, "Dergelijke plaatshouder, om deze onnodige informatie te vullen met veel onzin.", -1, 111], "26": [[1998, 1119, 16, 16], "wolfblack", "right", 1, false, 0, 0, [], 1143.0076679, 7, "right", 1, 1143.0076684, "small", true, 107, false, 0, 1143.0076687, 2, false, "Dergelijke plaatshouder, om deze onnodige informatie te vullen met veel onzin.", -1, 107], "27": [[1725, 2234, 16, 16], "bearbrown", "front", 1, false, 0, 0, [], 1143.007672, 16, "right", 1, 1143.0076727, "big", true, 180, false, 0, 1143.0076729, 3, false, "Dergelijke plaatshouder, om deze onnodige informatie te vullen met veel onzin.", -1, 180], "28": [[278, 1366, 16, 16], "sheep", "left", 1, false, 0, 0, [], 1143.0076764, 16, "right", 1, 1143.007677, "big", true, 115, false, 0, 1143.0076772, 4, false, "Dergelijke plaatshouder, om deze onnodige informatie te vullen met veel onzin.", -1, 115], "29": [[1621, 1203, 16, 16], "wolfblack", "right", 1, false, 0, [], [], 1143.0076806, 14, "back", 1, 1143.5221083, "big", false, 108, false, 0, 1143.0076813, 4, false, "Dergelijke plaatshouder, om deze onnodige informatie te vullen met veel onzin.", -1, 108], "30": [[312, 938, 16, 16], "sheep", "right", 1, false, 0, 0, [], 1143.007686, 11, "back", 1, 1143.0076865, "small", false, 113, false, 0, 1143.0076867, 2, false, "Dergelijke plaatshouder, om deze onnodige informatie te vullen met veel onzin.", -1, 113], "31": [[1237, 1099, 16, 16],