{"game_name": "spel", "game_difficulty": 0, "time": 102.5, "animal_dict": {"0": [[416, 1766, 16, 16], "wolfbluebrown", "back", 1, false, 0, 0, [], 109364.3370162, 14, "right", 1, 109364.3370176, "big", true, 114, false, 0, 109364.3370182, 3, false, "Dergelijke plaatshouder, om deze onnodige informatie te vullen met veel onzin.", -1, 114], "1": [[409, 1026, 16, 16], "sheep", "left", 1, false, 0, [], [], 109364.3370299, 9, "back", 1, 109364.9523438, "big", false, 104, false, 0, 109364.3370312, 3, false, "Dergelijke plaatshouder, om deze onnodige informatie te vullen met veel onzin.", -1, 104], "2": [[1422, 1026, 16, 16], "wolfblack", "front", 1, false, 0, 0, [], 109364.3370375, 17, "back", 1, 109364.3370383, "small", true, 100, false, 0, 109364.3370387, 2, false, "Dergelijke plaatshouder, om deze onnodige informatie te vullen met veel onzin.", -1, 100], "3": [[251, 593, 16, 16], "sheep", "right", 1, false, 0, [], [], 109364.3370446, 13, "right", 1, 109364.9523501, "small", false, 110, false, 0, 109364.3370459, 4, false, "Dergelijke plaatshouder, om deze onnodige informatie te vullen met veel onzin.", -1, 110], "4": [[1676, 380, 16, 16], "sheep", "back", 1, false, 0, [], [], 109364.3370519, 6, "front", 1, 109364.952354, "big", false, 115, false, 0, 109364.3370531, 4, false, "Dergelijke plaatshouder, om deze onnodige informatie te vullen met veel onzin.", -1, 115], "5": [[1209, 594, 16, 16], "wolfblack", "left", 1, false, 0, [], [], 109364.3370588, 18, "left", 1, 109364.9523573, "small", false, 111, false, 0, 109364.3370599, 3, false, "Dergelijke plaatshouder, om deze onnodige informatie te vullen met veel onzin.", -1, 111], "6": [[1572, 1205, 16, 16], "wolfblack", "right", 1, false, 0, 0, [], 109364.3370658, 7, "front", 1, 109364.3370668, "small", true, 103, false, 0, 109364.3370674, 2, false, "Dergelijke plaatshouder, om deze onnodige informatie te vullen met veel onzin.", -1, 103], "7": [[481, 204, 16, 16], "bearbrown", "front", 1, false, 0, 0, [], 109364.3370726, 15, "front", 1, 109364.3370734, "big", false, 180, false, 0, 109364.3370738, 4, false, "Dergelijke plaatshouder, om deze onnodige informatie te vullen met veel onzin.", -1, 180], "8": [[933, 1320, 16, 16], "bearbrown", "front", 1, false, 0, 0, [], 109364.3370807, 14, "back", 1, 109364.3370815, "small", false, 180, false, 0, 109364.3370819, 2, false, "Dergelijke plaatshouder, om deze onnodige informatie te vullen met veel onzin.", -1, 180], "9": [[860, 1446, 16, 16], "bearbrown", "right", 1, false, 0, 0, [], 109364.3370871, 18, "front", 1, 109364.3370879, "small", false, 180, false, 0, 109364.3370883, 3, false, "Dergelijke plaatshouder, om deze onnodige informatie te vullen met veel onzin.", -1, 180], "10": [[1039, 872, 16, 16], "wolfblack", "back", 1, false, 0, [], [], 109364.3370937, 12, "front", 1, 109364.9523715, "small", false, 101, false, 0, 109364.3370949, 3, false, "Dergelijke plaatshouder, om deze onnodige informatie te vullen met veel onzin.", -1, 101], "11": [[1406, 1182, 16, 16], "wolfblack", "right", 1, false, 0, [], [], 109364.3371008, 13, "front", 1, 109364.952374, "big", true, 104, false, 0, 109364.337102, 4, false, "Dergelijke plaatshouder, om deze onnodige informatie te vullen met veel onzin.", -1, 104], "12": [[1243, 1006, 16, 16], "wolfblack", "left", 1, false, 0, [], [], 109364.3371073, 12, "right", 1, 109364.9523766, "small", false, 104, false, 0, 109364.3371085, 2, false, "Dergelijke plaatshouder, om deze onnodige informatie te vullen met veel onzin.", -1, 104], "13": [[858, 1649, 16, 16], "sheep", "left", 1, false, 0, [], [], 109364.3371137, 17, "left", 1, 109364.9523796, "big", true, 111, false, 0, 109364.3371149, 2, false, "Dergelijke plaatshouder, om deze onnodige informatie te vullen met veel onzin.", -1, 111], "14": [[742, 205, 16, 16], "sheep", "back", 1, false, 0, 0, [], 109364.3371204, 15, "right", 1, 109364.3371212, "small", true, 100, false, 0, 109364.3371217, 4, false, "Dergelijke plaatshouder, om deze onnodige informatie te vullen met veel onzin.", -1, 100], "15": [[975, 2223, 16, 16], "wolfblue", "right", 1, false, 0, [], [], 109364.3371273, 13, "front", 1, 109364.952385, "big", true, 101, false, 0, 109364.3371284, 4, false, "Dergelijke plaatshouder, om deze onnodige informatie te vullen met veel onzin.", -1, 101], "16": [[814, 1266, 16, 16], "bearbrown", "right", 1, false, 0, 0, [], 109364.3371336, 17, "front", 1, 109364.3371344, "big", false, 180, false, 0, 109364.3371347, 3, false, "Dergelijke plaatshouder, om deze onnodige informatie te vullen met veel onzin.", -1, 180], "17": [[835, 1555, 16, 16], "sheep", "back", 1, false, 0, 0, [], 109364.3371402, 13, "left", 1, 109364.3371412, "small", true, 102, false, 0, 109364.3371417, 2, false, "Dergelijke plaatshouder, om deze onnodige informatie te vullen met veel onzin.", -1, 102], "18": [[1940, 149, 16, 16], "bearbrown", "front", 1, false, 0, 0, [], 109364.3371465, 15, "front", 1, 109364.3371473, "big", true, 180, false, 0, 109364.3371478, 3, false, "Dergelijke plaatshouder, om deze onnodige informatie te vullen met veel onzin.", -1, 180], "19": [[786, 1976, 16, 16], "sheepbrown", "front", 1, false, 0, 0, [], 109364.3371532, 8, "left", 1, 109364.337154, "small", true, 100, false, 0, 109364.3371544, 3, false, "Dergelijke plaatshouder, om deze onnodige informatie te vullen met veel onzin.", -1, 100], "20": [[271, 256, 16, 16], "bearbrown", "back", 1, false, 0, 0, [], 109364.3371594, 6, "right", 1, 109364.3371603, "small", false, 180, false, 0, 109364.3371608, 2, false, "Dergelijke plaatshouder, om deze onnodige informatie te vullen met veel onzin.", -1, 180], "21": [[785, 1487, 16, 16], "sheep", "right", 1, false, 0, 0, [], 109364.337166, 13, "left", 1, 109364.3371669, "small", true, 113, false, 0, 109364.3371675, 2, false, "Dergelijke plaatshouder, om deze onnodige informatie te vullen met veel onzin.", -1, 113], "22": [[966, 1530, 16, 16], "wolfwhite", "right", 1, false, 0, [], [], 109364.3371744, 12, "right", 1, 109364.9524018, "small", true, 104, false, 0, 109364.3371757, 3, false, "Dergelijke plaatshouder, om deze onnodige informatie te vullen met veel onzin.", -1, 104], "23": [[1774, 652, 16, 16], "sheep", "left", 1, false, 0, 0, [], 109364.3371812, 9, "back", 1, 109364.337182, "big", true, 110, false, 0, 109364.3371824, 4, false, "Dergelijke plaatshouder, om deze onnodige informatie te vullen met veel onzin.", -1, 110], "24": [[537, 2165, 16, 16], "wolfbluebrown", "left", 1, false, 0, 0, [], 109364.3371877, 19, "back", 1, 109364.3371886, "big", true, 114, false, 0, 109364.3371891, 3, false, "Dergelijke plaatshouder, om deze onnodige informatie te vullen met veel onzin.", -1, 114], "25": [[681, 1883, 16, 16], "sheepbrown", "right", 1, false, 0, 0, [], 109364.3371943, 7, "front", 1, 109364.3371951, "small", true, 114, false, 0, 109364.3371955, 3, false, "Dergelijke plaatshouder, om deze onnodige informatie te vullen met veel onzin.", -1, 114], "26": [[776, 1172, 16, 16], "sheep", "back", 1, false, 0, 0, [], 109364.3372007, 15, "back", 1, 109364.3372015, "big", false, 107, false, 0, 109364.3372019, 2, false, "Dergelijke plaatshouder, om deze onnodige informatie te vullen met veel onzin.", -1, 107], "27": [[834, 1228, 16, 16], "sheep", "left", 1, false, 0, 0, [], 109364.3372071, 19, "back", 1, 109364.3372083, "big", false, 103, false, 0, 109364.3372092, 3, false, "Dergelijke plaatshouder, om deze onnodige informatie te vullen met veel onzin.", -1, 103], "28": [[860, 1173, 16, 16], "sheep", "back", 1, false, 0, [], [], 109364.3372144, 8, "left", 1, 109364.9524157, "big", true, 111, false, 0, 109364.3372156, 4, false, "Dergelijke plaatshouder, om deze onnodige informatie te vullen met veel onzin.", -1, 111], "29": [[572, 769, 16, 16], "sheep", "back", 1, false, 0, 0, [], 109364.3372208, 7, "left", 1, 109364.3372216, "small", false, 105, false, 0, 109364.337222, 2, false, "Dergelijke plaatshouder, om deze onnodige informatie te vullen met veel onzin.", -1, 105], "30": [[1390, 827, 16, 16],