{"game_name": "porcupine", "game_difficulty": 0, "time": 0, "seed": "52", "night_count": 0, "is_night": false, "animal_dict": {"0": [[492, 872, 16, 16], "porcupine", "right", 1, false, 0, 0, [], 17995.0966489, 13, "right", 1, 17995.0966499, "small", true, 112, false, 0, 17995.0966531, 3, false, "Dergelijke plaatshouder, om deze onnodige informatie te vullen met veel onzin.", -1, 112], "1": [[851, 642, 16, 16], "porcupine", "left", 1, false, 0, 0, [], 17995.096666, 20, "left", 1, 17995.0966668, "small", false, 106, false, 0, 17995.0966672, 4, false, "Dergelijke plaatshouder, om deze onnodige informatie te vullen met veel onzin.", -1, 106], "2": [[646, 1904, 16, 16], "porcupine", "right", 1, false, 0, 0, [], 17995.0966734, 9, "right", 1, 17995.0966741, "big", true, 111, false, 0, 17995.0966745, 4, false, "Dergelijke plaatshouder, om deze onnodige informatie te vullen met veel onzin.", -1, 111], "3": [[795, 593, 16, 16], "porcupine", "right", 1, true, 0, 0, [], 17995.0966802, 18, "left", 1, 17995.0966811, "big", false, 104, false, 0, 17995.0966815, 4, false, "Dergelijke plaatshouder, om deze onnodige informatie te vullen met veel onzin.", -1, 104], "4": [[435, 961, 16, 16], "porcupine", "left", 1, true, 0, 0, [], 17995.0966871, 18, "left", 1, 17995.0966879, "small", true, 104, false, 0, 17995.0966882, 3, false, "Dergelijke plaatshouder, om deze onnodige informatie te vullen met veel onzin.", -1, 104], "5": [[454, 1658, 16, 16], "porcupine", "right", 1, false, 0, 0, [], 17995.0971424, 11, "left", 1, 17995.0971435, "big", false, 103, false, 0, 17995.0971439, 3, false, "Dergelijke plaatshouder, om deze onnodige informatie te vullen met veel onzin.", -1, 103], "6": [[1411, 1646, 16, 16], "porcupine", "left", 1, true, 0, 0, [], 17995.0971511, 19, "left", 1, 17995.0971518, "big", true, 112, false, 0, 17995.0971522, 4, false, "Dergelijke plaatshouder, om deze onnodige informatie te vullen met veel onzin.", -1, 112], "7": [[1533, 2201, 16, 16], "porcupine", "left", 1, true, 0, 0, [], 17995.097158, 20, "left", 1, 17995.0971587, "big", true, 104, false, 0, 17995.0971591, 4, false, "Dergelijke plaatshouder, om deze onnodige informatie te vullen met veel onzin.", -1, 104], "8": [[1180, 1864, 16, 16], "porcupine", "right", 1, false, 0, 0, [], 17995.0971645, 12, "left", 1, 17995.0971654, "small", true, 100, false, 0, 17995.0971658, 4, false, "Dergelijke plaatshouder, om deze onnodige informatie te vullen met veel onzin.", -1, 100], "9": [[917, 532, 16, 16], "porcupine", "right", 1, false, 0, 0, [], 17995.0971713, 14, "left", 1, 17995.0971721, "small", false, 101, false, 0, 17995.0971725, 2, false, "Dergelijke plaatshouder, om deze onnodige informatie te vullen met veel onzin.", -1, 101], "10": [[122, 1803, 16, 16], "porcupine", "left", 1, true, 0, 0, [], 17995.0971781, 15, "left", 1, 17995.0971789, "small", false, 101, false, 0, 17995.0971793, 3, false, "Dergelijke plaatshouder, om deze onnodige informatie te vullen met veel onzin.", -1, 101], "11": [[1566, 2266, 16, 16], "porcupine", "left", 1, false, 0, 0, [], 17995.0971861, 6, "right", 1, 17995.0971869, "small", false, 101, false, 0, 17995.0971873, 3, false, "Dergelijke plaatshouder, om deze onnodige informatie te vullen met veel onzin.", -1, 101], "12": [[1110, 2237, 16, 16], "porcupine", "right", 1, true, 0, 0, [], 17995.0971927, 11, "right", 1, 17995.0971934, "big", false, 102, false, 0, 17995.0971939, 2, false, "Dergelijke plaatshouder, om deze onnodige informatie te vullen met veel onzin.", -1, 102], "13": [[911, 1926, 16, 16], "porcupine", "right", 1, false, 0, 0, [], 17995.0972002, 20, "left", 1, 17995.0972009, "big", false, 108, false, 0, 17995.0972013, 2, false, "Dergelijke plaatshouder, om deze onnodige informatie te vullen met veel onzin.", -1, 108], "14": [[777, 814, 16, 16], "porcupine", "right", 1, true, 0, 0, [], 17995.0972083, 8, "right", 1, 17995.097209, "small", false, 110, false, 0, 17995.0972095, 4, false, "Dergelijke plaatshouder, om deze onnodige informatie te vullen met veel onzin.", -1, 110], "15": [[999, 539, 16, 16], "porcupine", "left", 1, false, 0, 0, [], 17995.0972148, 20, "left", 1, 17995.0972155, "small", false, 105, false, 0, 17995.0972159, 2, false, "Dergelijke plaatshouder, om deze onnodige informatie te vullen met veel onzin.", -1, 105], "16": [[2341, 339, 16, 16], "porcupine", "right", 1, true, 0, 0, [], 17995.0972214, 14, "left", 1, 17995.0972222, "big", true, 106, false, 0, 17995.0972226, 2, false, "Dergelijke plaatshouder, om deze onnodige informatie te vullen met veel onzin.", -1, 106], "17": [[1136, 369, 16, 16], "porcupine", "left", 1, true, 0, 0, [], 17995.0972277, 16, "right", 1, 17995.0972284, "big", false, 113, false, 0, 17995.0972288, 4, false, "Dergelijke plaatshouder, om deze onnodige informatie te vullen met veel onzin.", -1, 113], "19": [[2229, 2089, 16, 16], "porcupine", "left", 1, true, 0, 0, [], 17995.0972373, 20, "right", 1, 17995.097238, "big", false, 109, false, 0, 17995.0972384, 3, false, "Dergelijke plaatshouder, om deze onnodige informatie te vullen met veel onzin.", -1, 109], "20": [[1524, 1902, 16, 16], "porcupine", "right", 1, true, 0, 0, [], 17995.0972438, 6, "right", 1, 17995.0972445, "small", false, 104, false, 0, 17995.0972449, 4, false, "Dergelijke plaatshouder, om deze onnodige informatie te vullen met veel onzin.", -1, 104], "21": [[1344, 318, 16, 16], "porcupine", "right", 1, false, 0, 0, [], 17995.0972513, 6, "right", 1, 17995.0972521, "big", true, 114, false, 0, 17995.0972524, 4, false, "Dergelijke plaatshouder, om deze onnodige informatie te vullen met veel onzin.", -1, 114], "22": [[813, 2376, 16, 16], "porcupine", "right", 1, false, 0, 0, [], 17995.09726, 7, "right", 1, 17995.0972607, "small", false, 103, false, 0, 17995.0972622, 3, false, "Dergelijke plaatshouder, om deze onnodige informatie te vullen met veel onzin.", -1, 103], "24": [[1210, 786, 16, 16], "porcupine", "left", 1, false, 0, 0, [], 17995.0972713, 14, "right", 1, 17995.097272, "big", true, 107, false, 0, 17995.0972724, 4, false, "Dergelijke plaatshouder, om deze onnodige informatie te vullen met veel onzin.", -1, 107], "25": [[1017, 340, 16, 16], "porcupine", "left", 1, true, 0, 0, [], 17995.0972783, 14, "left", 1, 17995.097279, "small", false, 104, false, 0, 17995.0972795, 3, false, "Dergelijke plaatshouder, om deze onnodige informatie te vullen met veel onzin.", -1, 104], "27": [[978, 270, 16, 16], "porcupine", "left", 1, false, 0, 0, [], 17995.0972881, 11, "right", 1, 17995.0972888, "big", true, 103, false, 0, 17995.0972892, 4, false, "Dergelijke plaatshouder, om deze onnodige informatie te vullen met veel onzin.", -1, 103], "28": [[2348, 236, 16, 16], "porcupine", "left", 1, false, 0, 0, [], 17995.0972949, 9, "left", 1, 17995.0972957, "small", false, 109, false, 0, 17995.0972961, 2, false, "Dergelijke plaatshouder, om deze onnodige informatie te vullen met veel onzin.", -1, 109], "29": [[1209, 1796, 16, 16], "porcupine", "right", 1, true, 0, 0, [], 17995.0973016, 12, "right", 1, 17995.0973026, "small", true, 110, false, 0, 17995.097303, 4, false, "Dergelijke plaatshouder, om deze onnodige informatie te vullen met veel onzin.", -1, 110], "30": [[907, 764, 16, 16], "porcupine", "left", 1, false, 0, 0, [], 17995.0973091, 8, "left", 1, 17995.0973099, "big", true, 110, false, 0, 17995.0973102, 2, false, "Dergelijke plaatshouder, om deze onnodige informatie te vullen met veel onzin.", -1, 110], "31": [[789, 750, 16, 16], "porcupine", "right", 1, false, 0, 0, [], 17995.0973157, 10, "left", 1, 17995.0973164, "big", true, 115, false, 0, 17995.0973169, 2, false, "Dergelijke plaatshouder, om deze onnodige informatie te vullen met veel onzin.", -1, 115], "32": [[1108, 438, 16, 16], "porcupine", "left", 1, true, 0, 0, [], 17995.0973221, 14, "right", 1, 17995.0973228, "big", false, 112, false, 0, 17995.0973232, 3, false, "Dergelijke plaatshouder, om deze onnodige informatie te vullen met veel onzin.", -1, 112], "33": [[2277, 498, 16, 16],