{"game_name": "tatatata", "game_difficulty": 0, "time": 0, "animal_dict": {"0": [[1526, 429, 16, 16], "sheep", "left", 1, true, 0, 0, [], 109071.6222246, 16, "right", 1, 109071.6222257, "big", false, 103, false, 0, 109071.6222262, 4, false, "Dergelijke plaatshouder, om deze onnodige informatie te vullen met veel onzin.", -1, 103], "1": [[2261, 2090, 16, 16], "sheep", "front", 1, true, 0, 0, [], 109071.6222366, 16, "front", 1, 109071.6222375, "small", true, 110, false, 0, 109071.6222379, 4, false, "Dergelijke plaatshouder, om deze onnodige informatie te vullen met veel onzin.", -1, 110], "2": [[1732, 1519, 16, 16], "sheep", "front", 1, false, 0, 0, [], 109071.622244, 18, "right", 1, 109071.6222448, "big", false, 113, false, 0, 109071.6222453, 3, false, "Dergelijke plaatshouder, om deze onnodige informatie te vullen met veel onzin.", -1, 113], "3": [[907, 795, 16, 16], "bearbrown", "back", 1, false, 0, 0, [], 109071.6222507, 15, "left", 1, 109071.6222515, "big", false, 180, false, 0, 109071.6222521, 4, false, "Dergelijke plaatshouder, om deze onnodige informatie te vullen met veel onzin.", -1, 180], "4": [[589, 1876, 16, 16], "bearbrown", "back", 1, false, 0, 0, [], 109071.6222571, 17, "right", 1, 109071.622258, "small", false, 180, false, 0, 109071.6222583, 2, false, "Dergelijke plaatshouder, om deze onnodige informatie te vullen met veel onzin.", -1, 180], "5": [[972, 2121, 16, 16], "sheep", "front", 1, true, 0, 0, [], 109071.6222639, 17, "front", 1, 109071.6222647, "small", true, 105, false, 0, 109071.6222651, 2, false, "Dergelijke plaatshouder, om deze onnodige informatie te vullen met veel onzin.", -1, 105], "6": [[1248, 2216, 16, 16], "wolfbluebrown", "right", 1, true, 0, 0, [], 109071.6222712, 9, "right", 1, 109071.622272, "big", false, 113, false, 0, 109071.6222723, 3, false, "Dergelijke plaatshouder, om deze onnodige informatie te vullen met veel onzin.", -1, 113], "7": [[106, 2355, 16, 16], "bearbrown", "front", 1, true, 0, 0, [], 109071.6222779, 11, "back", 1, 109071.6222787, "big", true, 180, false, 0, 109071.6222792, 2, false, "Dergelijke plaatshouder, om deze onnodige informatie te vullen met veel onzin.", -1, 180], "8": [[947, 1579, 16, 16], "sheep", "left", 1, false, 0, 0, [], 109071.6222848, 15, "right", 1, 109071.6222856, "big", false, 112, false, 0, 109071.622286, 2, false, "Dergelijke plaatshouder, om deze onnodige informatie te vullen met veel onzin.", -1, 112], "9": [[2092, 375, 16, 16], "ratwhite", "left", 1, true, 0, 0, [], 109071.6222911, 14, "back", 1, 109071.6222919, "tiny", false, 60, false, 0, 109071.6222922, 3, false, "Dergelijke plaatshouder, om deze onnodige informatie te vullen met veel onzin.", -1, 60], "10": [[525, 135, 16, 16], "ratwhite", "right", 1, true, 0, 0, [], 109071.6223014, 9, "front", 1, 109071.6223023, "tiny", false, 60, false, 0, 109071.6223026, 2, false, "Dergelijke plaatshouder, om deze onnodige informatie te vullen met veel onzin.", -1, 60], "11": [[1191, 1925, 16, 16], "wolfbluebrown", "front", 1, true, 0, 0, [], 109071.6223088, 9, "back", 1, 109071.6223096, "small", true, 113, false, 0, 109071.6223099, 2, false, "Dergelijke plaatshouder, om deze onnodige informatie te vullen met veel onzin.", -1, 113], "12": [[2083, 1144, 16, 16], "sheep", "left", 1, true, 0, 0, [], 109071.6223157, 13, "left", 1, 109071.6223165, "small", true, 105, false, 0, 109071.6223169, 2, false, "Dergelijke plaatshouder, om deze onnodige informatie te vullen met veel onzin.", -1, 105], "13": [[2149, 412, 16, 16], "wolfwhite", "right", 1, false, 0, 0, [], 109071.6223222, 7, "front", 1, 109071.622323, "small", true, 104, false, 0, 109071.6223235, 4, false, "Dergelijke plaatshouder, om deze onnodige informatie te vullen met veel onzin.", -1, 104], "14": [[1550, 1879, 16, 16], "bearbrown", "right", 1, true, 0, 0, [], 109071.6223286, 9, "front", 1, 109071.6223295, "small", true, 180, false, 0, 109071.6223299, 3, false, "Dergelijke plaatshouder, om deze onnodige informatie te vullen met veel onzin.", -1, 180], "15": [[1328, 397, 16, 16], "sheep", "left", 1, false, 0, 0, [], 109071.6223352, 10, "back", 1, 109071.6223361, "small", false, 100, false, 0, 109071.6223365, 4, false, "Dergelijke plaatshouder, om deze onnodige informatie te vullen met veel onzin.", -1, 100], "16": [[1935, 2025, 16, 16], "sheep", "left", 1, true, 0, 0, [], 109071.6223419, 8, "back", 1, 109071.6223427, "small", true, 114, false, 0, 109071.6223432, 4, false, "Dergelijke plaatshouder, om deze onnodige informatie te vullen met veel onzin.", -1, 114], "17": [[961, 2188, 16, 16], "wolfbluebrown", "left", 1, false, 0, 0, [], 109071.6223486, 18, "right", 1, 109071.6223495, "big", false, 102, false, 0, 109071.6223498, 4, false, "Dergelijke plaatshouder, om deze onnodige informatie te vullen met veel onzin.", -1, 102], "18": [[716, 1806, 16, 16], "bearbrown", "left", 1, false, 0, 0, [], 109071.6223549, 18, "back", 1, 109071.6223556, "big", false, 180, false, 0, 109071.622356, 2, false, "Dergelijke plaatshouder, om deze onnodige informatie te vullen met veel onzin.", -1, 180], "19": [[1094, 1258, 16, 16], "sheep", "right", 1, true, 0, 0, [], 109071.6223616, 9, "back", 1, 109071.6223625, "small", true, 101, false, 0, 109071.6223629, 2, false, "Dergelijke plaatshouder, om deze onnodige informatie te vullen met veel onzin.", -1, 101], "20": [[691, 1336, 16, 16], "sheep", "back", 1, false, 0, 0, [], 109071.6223686, 7, "right", 1, 109071.6223693, "small", false, 112, false, 0, 109071.6223698, 2, false, "Dergelijke plaatshouder, om deze onnodige informatie te vullen met veel onzin.", -1, 112], "21": [[170, 1334, 16, 16], "sheep", "left", 1, false, 0, 0, [], 109071.622375, 7, "left", 1, 109071.6223759, "big", true, 102, false, 0, 109071.6223762, 3, false, "Dergelijke plaatshouder, om deze onnodige informatie te vullen met veel onzin.", -1, 102], "22": [[1195, 1978, 16, 16], "sheep", "front", 1, false, 0, 0, [], 109071.6223823, 7, "back", 1, 109071.6223831, "big", true, 104, false, 0, 109071.6223835, 2, false, "Dergelijke plaatshouder, om deze onnodige informatie te vullen met veel onzin.", -1, 104], "23": [[924, 1155, 16, 16], "bearbrown", "right", 1, true, 0, 0, [], 109071.6223889, 13, "left", 1, 109071.6223898, "small", false, 180, false, 0, 109071.6223903, 3, false, "Dergelijke plaatshouder, om deze onnodige informatie te vullen met veel onzin.", -1, 180], "24": [[1543, 625, 16, 16], "sheep", "back", 1, false, 0, 0, [], 109071.6223963, 7, "right", 1, 109071.6223973, "small", true, 101, false, 0, 109071.6223977, 3, false, "Dergelijke plaatshouder, om deze onnodige informatie te vullen met veel onzin.", -1, 101], "25": [[225, 2242, 16, 16], "bearbrown", "right", 1, true, 0, 0, [], 109071.6224054, 11, "right", 1, 109071.6224063, "small", false, 180, false, 0, 109071.6224066, 3, false, "Dergelijke plaatshouder, om deze onnodige informatie te vullen met veel onzin.", -1, 180], "26": [[295, 2012, 16, 16], "bearbrown", "left", 1, true, 0, 0, [], 109071.6224119, 20, "front", 1, 109071.6224129, "big", true, 180, false, 0, 109071.6224133, 2, false, "Dergelijke plaatshouder, om deze onnodige informatie te vullen met veel onzin.", -1, 180], "27": [[1151, 971, 16, 16], "bearbrown", "back", 1, true, 0, 0, [], 109071.6224183, 6, "left", 1, 109071.6224191, "big", false, 180, false, 0, 109071.6224195, 3, false, "Dergelijke plaatshouder, om deze onnodige informatie te vullen met veel onzin.", -1, 180], "28": [[319, 1878, 16, 16], "bearbrown", "right", 1, true, 0, 0, [], 109071.6224251, 14, "right", 1, 109071.622426, "small", true, 180, false, 0, 109071.6224264, 3, false, "Dergelijke plaatshouder, om deze onnodige informatie te vullen met veel onzin.", -1, 180], "29": [[816, 1919, 16, 16], "sheep", "left", 1, false, 0, 0, [], 109071.622432, 13, "back", 1, 109071.6224328, "big", true, 114, false, 0, 109071.6224331, 3, false, "Dergelijke plaatshouder, om deze onnodige informatie te vullen met veel onzin.", -1, 114], "30": [[1718, 1249, 16, 16],