{"game_name": "come on man", "game_difficulty": 0, "time": 73.0, "animal_dict": {"0": [[1093, 1095, 16, 16], "bearbrown", "right", 1, false, 0, [], [], 21902.9481515, 10, "back", 1, 21903.6167275, "big", false, 180, false, 0, 21902.9481537, 2, false, "Dergelijke plaatshouder, om deze onnodige informatie te vullen met veel onzin.", -1, 180], "1": [[1794, 779, 16, 16], "bearbrown", "left", 1, false, 0, 33, [[0.5, 0], [0.5, 0], [0.5, 0], [0.5, 0], [0.5, 0], [0.5, 0], [0.5, 0], [0.5, 0], [0.5, 0], [0.5, 0], [0.5, 0], [0.5, 0], [0.5, 0], [0.5, 0], [0.5, 0], [0.5, 0], [0.5, 0], [0.5, 0], [0.5, 0], [0.5, 0], [0.5, 0], [0.5, 0], [0.5, 0], [0.5, 0], [0.5, 0], [0.5, 0], [0.5, 0], [0.5, 0], [0.5, 0], [0.5, 0], [0.5, 0], [0.5, 0], [0.5, 0]], 21910.2760134, 7, "right", 1, 21903.6167323, "small", false, 180, false, 0, 21902.9481707, 4, false, "Dergelijke plaatshouder, om deze onnodige informatie te vullen met veel onzin.", -1, 180], "2": [[609, 359, 16, 16], "sheepbrown", "right", 1, false, 0, 0, [], 21902.9481782, 10, "right", 1, 21902.9481791, "small", false, 111, false, 0, 21902.9481798, 4, false, "Dergelijke plaatshouder, om deze onnodige informatie te vullen met veel onzin.", -1, 111], "3": [[2237, 1901, 16, 16], "wolfbluebrown", "front", 1, false, 0, 0, [], 21902.9481886, 14, "left", 1, 21902.9481894, "small", true, 100, false, 0, 21902.9481899, 4, false, "Dergelijke plaatshouder, om deze onnodige informatie te vullen met veel onzin.", -1, 100], "4": [[1400, 754, 16, 16], "bearbrown", "back", 1, false, 0, [], [], 21902.9481961, 16, "front", 1, 21903.6167396, "big", false, 180, false, 0, 21902.9481974, 3, false, "Dergelijke plaatshouder, om deze onnodige informatie te vullen met veel onzin.", -1, 180], "5": [[1044, 853, 16, 16], "bearbrown", "front", 1, false, 0, [], [], 21902.9482033, 13, "front", 1, 21903.6167419, "small", true, 180, false, 0, 21902.9482045, 4, false, "Dergelijke plaatshouder, om deze onnodige informatie te vullen met veel onzin.", -1, 180], "6": [[229, 535, 16, 16], "wolfwhite", "right", 1, false, 0, 0, [], 21902.9482137, 15, "left", 1, 21902.9482146, "small", false, 112, false, 0, 21902.9482151, 2, false, "Dergelijke plaatshouder, om deze onnodige informatie te vullen met veel onzin.", -1, 112], "7": [[2157, 1001, 16, 16], "wolfbluebrown", "back", 1, false, 0, 0, [], 21902.9482235, 17, "front", 1, 21902.9482246, "small", true, 108, false, 0, 21902.9482252, 4, false, "Dergelijke plaatshouder, om deze onnodige informatie te vullen met veel onzin.", -1, 108], "8": [[1869, 1949, 16, 16], "wolfbluebrown", "left", 1, false, 0, 0, [], 21902.9482344, 12, "left", 1, 21902.9482353, "big", false, 102, false, 0, 21902.9482358, 3, false, "Dergelijke plaatshouder, om deze onnodige informatie te vullen met veel onzin.", -1, 102], "9": [[376, 345, 16, 16], "bearbrown", "back", 1, false, 0, 89, [[-0.5, 0.5], [-0.5, 0.5], [-0.5, 0.5], [-0.5, 0.5], [-0.5, 0.5], [-0.5, 0.5], [-0.5, 0.5], [-0.5, 0.5], [-0.5, 0.5], [-0.5, 0.5], [-0.5, 0.5], [-0.5, 0.5], [-0.5, 0.5], [-0.5, 0.5], [-0.5, 0.5], [-0.5, 0.5], [-0.5, 0.5], [-0.5, 0.5], [-0.5, 0.5], [-0.5, 0.5], [-0.5, 0.5], [-0.5, 0.5], [-0.5, 0.5], [-0.5, 0.5], [-0.5, 0.5], [-0.5, 0.5], [-0.5, 0.5], [-0.5, 0.5], [-0.5, 0.5], [-0.5, 0.5], [-0.5, 0.5], [-0.5, 0.5], [-0.5, 0.5], [-0.5, 0.5], [-0.5, 0.5], [-0.5, 0.5], [-0.5, 0.5], [-0.5, 0.5], [-0.5, 0.5], [-0.5, 0.5], [-0.5, 0.5], [-0.5, 0.5], [-0.5, 0.5], [-0.5, 0.5], [-0.5, 0.5], [-0.5, 0.5], [-0.5, 0.5], [-0.5, 0.5], [-0.5, 0.5], [-0.5, 0.5], [-0.5, 0.5], [-0.5, 0.5], [-0.5, 0.5], [-0.5, 0.5], [-0.5, 0.5], [-0.5, 0.5], [-0.5, 0.5], [-0.5, 0.5], [-0.5, 0.5], [-0.5, 0.5], [-0.5, 0.5], [-0.5, 0.5], [-0.5, 0.5], [-0.5, 0.5], [-0.5, 0.5], [-0.5, 0.5], [-0.5, 0.5], [-0.5, 0.5], [-0.5, 0.5], [-0.5, 0.5], [-0.5, 0.5], [-0.5, 0.5], [-0.5, 0.5], [-0.5, 0.5], [-0.5, 0.5], [-0.5, 0.5], [-0.5, 0.5], [-0.5, 0.5], [-0.5, 0.5], [-0.5, 0.5], [-0.5, 0.5], [-0.5, 0.5], [-0.5, 0.5], [-0.5, 0.5], [-0.5, 0.5], [-0.5, 0.5], [-0.5, 0.5], [-0.5, 0.5], [-0.5, 0.5]], 21911.9541898, 9, "left", 1, 21902.9482428, "big", true, 180, false, 0, 21902.9482432, 2, false, "Dergelijke plaatshouder, om deze onnodige informatie te vullen met veel onzin.", -1, 180], "10": [[1667, 1526, 16, 16], "wolfwhite", "right", 1, false, 0, 0, [], 21902.948249, 11, "right", 1, 21902.9482498, "small", true, 111, false, 0, 21902.9482503, 4, false, "Dergelijke plaatshouder, om deze onnodige informatie te vullen met veel onzin.", -1, 111], "11": [[1847, 1406, 16, 16], "bearbrown", "front", 1, false, 0, 0, [], 21902.9482568, 14, "left", 1, 21902.9482576, "small", true, 180, false, 0, 21902.9482579, 3, false, "Dergelijke plaatshouder, om deze onnodige informatie te vullen met veel onzin.", -1, 180], "12": [[567, 575, 16, 16], "bearbrown", "right", 1, false, 0, 0, [], 21902.9482632, 10, "back", 1, 21902.9482641, "small", true, 180, false, 0, 21902.9482644, 3, false, "Dergelijke plaatshouder, om deze onnodige informatie te vullen met veel onzin.", -1, 180], "13": [[449, 878, 16, 16], "sheep", "right", 1, false, 0, 119, [[0.5, 0.5], [0.5, 0.5], [0.5, 0.5], [0.5, 0.5], [0.5, 0.5], [0.5, 0.5], [0.5, 0.5], [0.5, 0.5], [0.5, 0.5], [0.5, 0.5], [0.5, 0.5], [0.5, 0.5], [0.5, 0.5], [0.5, 0.5], [0.5, 0.5], [0.5, 0.5], [0.5, 0.5], [0.5, 0.5], [0.5, 0.5], [0.5, 0.5], [0.5, 0.5], [0.5, 0.5], [0.5, 0.5], [0.5, 0.5], [0.5, 0.5], [0.5, 0.5], [0.5, 0.5], [0.5, 0.5], [0.5, 0.5], [0.5, 0.5], [0.5, 0.5], [0.5, 0.5], [0.5, 0.5], [0.5, 0.5], [0.5, 0.5], [0.5, 0.5], [0.5, 0.5], [0.5, 0.5], [0.5, 0.5], [0.5, 0.5], [0.5, 0.5], [0.5, 0.5], [0.5, 0.5], [0.5, 0.5], [0.5, 0.5], [0.5, 0.5], [0.5, 0.5], [0.5, 0.5], [0.5, 0.5], [0.5, 0.5], [0.5, 0.5], [0.5, 0.5], [0.5, 0.5], [0.5, 0.5], [0.5, 0.5], [0.5, 0.5], [0.5, 0.5], [0.5, 0.5], [0.5, 0.5], [0.5, 0.5], [0.5, 0.5], [0.5, 0.5], [0.5, 0.5], [0.5, 0.5], [0.5, 0.5], [0.5, 0.5], [0.5, 0.5], [0.5, 0.5], [0.5, 0.5], [0.5, 0.5], [0.5, 0.5], [0.5, 0.5], [0.5, 0.5], [0.5, 0.5], [0.5, 0.5], [0.5, 0.5], [0.5, 0.5], [0.5, 0.5], [0.5, 0.5], [0.5, 0.5], [0.5, 0.5], [0.5, 0.5], [0.5, 0.5], [0.5, 0.5], [0.5, 0.5], [0.5, 0.5], [0.5, 0.5], [0.5, 0.5], [0.5, 0.5], [0.5, 0.5], [0.5, 0.5], [0.5, 0.5], [0.5, 0.5], [0.5, 0.5], [0.5, 0.5], [0.5, 0.5], [0.5, 0.5], [0.5, 0.5], [0.5, 0.5], [0.5, 0.5], [0.5, 0.5], [0.5, 0.5], [0.5, 0.5], [0.5, 0.5], [0.5, 0.5], [0.5, 0.5], [0.5, 0.5], [0.5, 0.5], [0.5, 0.5], [0.5, 0.5], [0.5, 0.5], [0.5, 0.5], [0.5, 0.5], [0.5, 0.5], [0.5, 0.5], [0.5, 0.5], [0.5, 0.5], [0.5, 0.5], [0.5, 0.5]], 21911.9542295, 9, "right", 1, 21903.6167597, "small", true, 106, false, 0, 21902.9482712, 4, false, "Dergelijke plaatshouder, om deze onnodige informatie te vullen met veel onzin.", -1, 106], "14": [[1984, 1982, 16, 16], "sheep", "right", 1, false, 0, 0, [], 21902.9482767, 15, "right", 1, 21902.9482774, "big", false, 106, false, 0, 21902.9482779, 4, false, "Dergelijke plaatshouder, om deze onnodige informatie te vullen met veel onzin.", -1, 106], "15": [[325, 461, 16, 16], "sheep", "back", 1, false, 0, 0, [], 21902.9482835, 13, "left", 1, 21902.9482843, "big", false, 105, false, 0, 21902.9482847, 3, false, "Dergelijke plaatshouder, om deze onnodige informatie te vullen met veel onzin.", -1, 105], "16": [[17, 1491, 16, 16], "bearbrown", "back", 1, false, 0, 0, [], 21902.9482897, 13, "front", 1, 21902.9482905, "small", false, 180, false, 0, 21902.9482908, 4, false, "Dergelijke plaatshouder, om deze onnodige informatie te vullen met veel onzin.", -1, 180], "17": [[1733, 1008, 16, 16], "sheep", "front", 1, false, 0, 0, [], 21902.9482961, 19, "back", 1, 21902.948297, "big", false, 103, false, 0, 21902.9482974, 3, false, "Dergelijke plaatshouder, om deze onnodige informatie te vullen met veel onzin.", -1, 103], "18": [[608, 1017, 16, 16], "bearbrown", "right", 1, false, 0, 0, [], 21902.9483028, 11, "right", 1, 21902.9483036, "small", true, 180, false, 0, 21902.948304, 2, false, "Dergelijke plaatshouder, om deze onnodige informatie te vullen met veel onzin.", -1, 180], "19": [[346, 510, 16, 16],