{"game_name": "e3434rfeas", "game_difficulty": 0, "time": 0, "night_count": 0, "is_night": false, "animal_dict": {"0": [[1487, 1136, 16, 16], "sheepbrown", "right", 1, true, 0, 0, [], 27351.7556073, 14, "right", 1, 27351.7556088, "small", true, 108, false, 0, 27351.7556141, 3, false, "Dergelijke plaatshouder, om deze onnodige informatie te vullen met veel onzin.", -1, 108], "1": [[2021, 302, 16, 16], "sheep", "back", 1, true, 0, 0, [], 27351.7556299, 8, "left", 1, 27351.7556307, "big", true, 111, false, 0, 27351.7556312, 2, false, "Dergelijke plaatshouder, om deze onnodige informatie te vullen met veel onzin.", -1, 111], "2": [[1212, 1743, 16, 16], "sheep", "left", 1, false, 0, 0, [], 27351.7556378, 18, "left", 1, 27351.7556386, "small", true, 106, false, 0, 27351.755639, 2, false, "Dergelijke plaatshouder, om deze onnodige informatie te vullen met veel onzin.", -1, 106], "3": [[404, 1524, 16, 16], "bearbrown", "back", 1, true, 0, 0, [], 27351.7556444, 7, "left", 1, 27351.7556453, "big", false, 180, false, 0, 27351.7556457, 2, false, "Dergelijke plaatshouder, om deze onnodige informatie te vullen met veel onzin.", -1, 180], "4": [[1565, 274, 16, 16], "wolfwhite", "front", 1, false, 0, 0, [], 27351.7556511, 10, "front", 1, 27351.755652, "big", true, 109, false, 0, 27351.7556523, 2, false, "Dergelijke plaatshouder, om deze onnodige informatie te vullen met veel onzin.", -1, 109], "5": [[1969, 1863, 16, 16], "sheep", "front", 1, true, 0, 0, [], 27351.7556576, 14, "right", 1, 27351.7556584, "big", false, 112, false, 0, 27351.7556588, 3, false, "Dergelijke plaatshouder, om deze onnodige informatie te vullen met veel onzin.", -1, 112], "6": [[1970, 76, 16, 16], "sheep", "left", 1, true, 0, 0, [], 27351.7556649, 6, "left", 1, 27351.7556657, "big", false, 106, false, 0, 27351.7556662, 3, false, "Dergelijke plaatshouder, om deze onnodige informatie te vullen met veel onzin.", -1, 106], "7": [[2231, 296, 16, 16], "sheep", "right", 1, true, 0, 0, [], 27351.7556722, 9, "left", 1, 27351.755673, "big", false, 104, false, 0, 27351.7556734, 2, false, "Dergelijke plaatshouder, om deze onnodige informatie te vullen met veel onzin.", -1, 104], "8": [[981, 1886, 16, 16], "sheep", "left", 1, true, 0, 0, [], 27351.7556789, 16, "right", 1, 27351.7556797, "small", false, 111, false, 0, 27351.7556802, 4, false, "Dergelijke plaatshouder, om deze onnodige informatie te vullen met veel onzin.", -1, 111], "9": [[779, 1462, 16, 16], "wolfwhite", "front", 1, false, 0, 0, [], 27351.7556858, 18, "back", 1, 27351.7556866, "small", false, 104, false, 0, 27351.755687, 2, false, "Dergelijke plaatshouder, om deze onnodige informatie te vullen met veel onzin.", -1, 104], "10": [[1628, 2056, 16, 16], "sheep", "front", 1, true, 0, 0, [], 27351.7556927, 6, "front", 1, 27351.7556935, "small", false, 112, false, 0, 27351.7556939, 4, false, "Dergelijke plaatshouder, om deze onnodige informatie te vullen met veel onzin.", -1, 112], "11": [[734, 410, 16, 16], "sheep", "right", 1, false, 0, 0, [], 27351.7557008, 15, "left", 1, 27351.7557016, "big", false, 105, false, 0, 27351.7557019, 4, false, "Dergelijke plaatshouder, om deze onnodige informatie te vullen met veel onzin.", -1, 105], "12": [[2087, 1209, 16, 16], "wolfbluebrown", "left", 1, true, 0, 0, [], 27351.7557075, 7, "back", 1, 27351.7557083, "small", false, 103, false, 0, 27351.7557088, 2, false, "Dergelijke plaatshouder, om deze onnodige informatie te vullen met veel onzin.", -1, 103], "13": [[2184, 1698, 16, 16], "sheepbrown", "front", 1, true, 0, 0, [], 27351.7557142, 11, "right", 1, 27351.755715, "small", true, 113, false, 0, 27351.7557154, 3, false, "Dergelijke plaatshouder, om deze onnodige informatie te vullen met veel onzin.", -1, 113], "14": [[1223, 1590, 16, 16], "sheep", "right", 1, false, 0, 0, [], 27351.7557209, 18, "left", 1, 27351.7557218, "big", true, 113, false, 0, 27351.7557222, 3, false, "Dergelijke plaatshouder, om deze onnodige informatie te vullen met veel onzin.", -1, 113], "15": [[1906, 601, 16, 16], "bearbrown", "front", 1, true, 0, 0, [], 27351.7557272, 11, "back", 1, 27351.755728, "small", false, 180, false, 0, 27351.7557284, 2, false, "Dergelijke plaatshouder, om deze onnodige informatie te vullen met veel onzin.", -1, 180], "16": [[778, 667, 16, 16], "sheep", "right", 1, true, 0, 0, [], 27351.7557338, 13, "back", 1, 27351.7557348, "small", true, 106, false, 0, 27351.7557352, 4, false, "Dergelijke plaatshouder, om deze onnodige informatie te vullen met veel onzin.", -1, 106], "17": [[1714, 973, 16, 16], "bearbrown", "front", 1, false, 0, 0, [], 27351.7557403, 12, "left", 1, 27351.7557412, "big", true, 180, false, 0, 27351.7557416, 4, false, "Dergelijke plaatshouder, om deze onnodige informatie te vullen met veel onzin.", -1, 180], "18": [[1594, 2271, 16, 16], "sheep", "front", 1, true, 0, 0, [], 27351.7557481, 13, "back", 1, 27351.7557489, "small", true, 115, false, 0, 27351.7557493, 2, false, "Dergelijke plaatshouder, om deze onnodige informatie te vullen met veel onzin.", -1, 115], "19": [[215, 1884, 16, 16], "wolfblack", "right", 1, true, 0, 0, [], 27351.755755, 10, "right", 1, 27351.7557558, "big", false, 110, false, 0, 27351.7557562, 2, false, "Dergelijke plaatshouder, om deze onnodige informatie te vullen met veel onzin.", -1, 110], "20": [[1784, 1506, 16, 16], "wolfbluebrown", "right", 1, false, 0, 0, [], 27351.7557617, 10, "front", 1, 27351.7557625, "big", false, 103, false, 0, 27351.7557629, 2, false, "Dergelijke plaatshouder, om deze onnodige informatie te vullen met veel onzin.", -1, 103], "21": [[2072, 925, 16, 16], "bearbrown", "right", 1, false, 0, 0, [], 27351.7557688, 8, "left", 1, 27351.7557696, "small", true, 180, false, 0, 27351.7557701, 4, false, "Dergelijke plaatshouder, om deze onnodige informatie te vullen met veel onzin.", -1, 180], "22": [[1322, 1624, 16, 16], "sheep", "right", 1, true, 0, 0, [], 27351.7557775, 11, "left", 1, 27351.7557783, "big", true, 101, false, 0, 27351.7557787, 4, false, "Dergelijke plaatshouder, om deze onnodige informatie te vullen met veel onzin.", -1, 101], "23": [[1343, 1812, 16, 16], "sheep", "right", 1, false, 0, 0, [], 27351.7557851, 14, "back", 1, 27351.7557858, "big", false, 106, false, 0, 27351.7557862, 2, false, "Dergelijke plaatshouder, om deze onnodige informatie te vullen met veel onzin.", -1, 106], "24": [[591, 1381, 16, 16], "bearbrown", "front", 1, true, 0, 0, [], 27351.7557913, 8, "front", 1, 27351.7557921, "big", true, 180, false, 0, 27351.7557926, 4, false, "Dergelijke plaatshouder, om deze onnodige informatie te vullen met veel onzin.", -1, 180]}, "alive_enemies": [], "player": {"x": 1176.0, "y": 1176.0, "energy_value": 100, "food_value": 10000, "health_value": 10, "max_health": 10, "strength": 1, "speed_multiplier": 1, "food_multiplier": 1, "backpack_unlocked": false, "increment_boost": 0}, "inventory": {"block_fill": {"0": "axe ", "1": "pickaxe ", "2": "sword ", "3": "", "4": "", "5": "", "6": "", "7": "", "8": "", "9": "", "10": "", "11": "", "12": "", "13": "", "14": "", "15": "", "16": "", "17": "", "18": "", "19": "", "20": "", "21": "", "22": "", "23": "", "24": "", "25": "", "26": ""}, "item_count_dict": {"0": 1, "1": 1, "2": 1, "3": 0, "4": 0, "5": 0, "6": 0, "7": 0, "8": 0, "9": 0, "10": 0, "11": 0, "12": 0, "13": 0, "14": 0, "15": 0, "16": 0, "17": 0, "18": 0, "19": 0, "20": 0, "21": 0, "22": 0, "23": 0, "24": 0, "25": 0, "26": 0}}}