{"game_name": "KAART", "game_difficulty": 0, "time": 0, "seed": "210", "night_count": 0, "is_night": false, "animal_dict": {"0": [[2096, 1291, 16, 16], "porcupine", "right", 1, false, 0, 0, [], 4761.7801638, 10, "left", 1, 4761.780165, "small", false, 111, false, 0, 4761.7801655, 2, false, "Dergelijke plaatshouder, om deze onnodige informatie te vullen met veel onzin.", -1, 111, 2096, 1291, -1, false, 1], "1": [[1299, 1670, 16, 16], "porcupine", "right", 1, false, 0, 0, [], 4761.7801779, 8, "right", 1, 4761.7801786, "big", true, 111, false, 0, 4761.780179, 4, false, "Dergelijke plaatshouder, om deze onnodige informatie te vullen met veel onzin.", -1, 111, 1299, 1670, -1, false, 1], "2": [[530, 368, 16, 16], "porcupine", "left", 1, false, 0, 0, [], 4761.7801854, 16, "left", 1, 4761.7801861, "big", true, 106, false, 0, 4761.7801865, 3, false, "Dergelijke plaatshouder, om deze onnodige informatie te vullen met veel onzin.", -1, 106, 530, 368, -1, false, 1], "3": [[1781, 1960, 16, 16], "wolfbluebrown", "front", 1, false, 0, 0, [], 4761.7801929, 9, "front", 1, 4761.7801936, "small", false, 114, false, 0, 4761.780194, 2, false, "Dergelijke plaatshouder, om deze onnodige informatie te vullen met veel onzin.", -1, 114, 1781, 1960, -1, false, 1], "4": [[1701, 1428, 16, 16], "wolfbluebrown", "front", 1, true, 0, 0, [], 4761.7801999, 15, "left", 1, 4761.7802007, "big", true, 113, false, 0, 4761.7802011, 3, false, "Dergelijke plaatshouder, om deze onnodige informatie te vullen met veel onzin.", -1, 113, 1701, 1428, -1, false, 1], "5": [[399, 1952, 16, 16], "porcupine", "left", 1, true, 0, 0, [], 4761.780208, 16, "left", 1, 4761.7802088, "small", true, 109, false, 0, 4761.7802091, 4, false, "Dergelijke plaatshouder, om deze onnodige informatie te vullen met veel onzin.", -1, 109, 399, 1952, -1, false, 1], "6": [[2036, 1090, 16, 16], "wolfbluebrown", "front", 1, false, 0, 0, [], 4761.7802151, 20, "left", 1, 4761.780216, "small", true, 107, false, 0, 4761.7802163, 3, false, "Dergelijke plaatshouder, om deze onnodige informatie te vullen met veel onzin.", -1, 107, 2036, 1090, -1, false, 1], "7": [[1975, 888, 16, 16], "porcupine", "left", 1, true, 0, 0, [], 4761.7802222, 13, "right", 1, 4761.7802231, "small", true, 112, false, 0, 4761.7802234, 2, false, "Dergelijke plaatshouder, om deze onnodige informatie te vullen met veel onzin.", -1, 112, 1975, 888, -1, false, 1], "8": [[758, 197, 16, 16], "porcupine", "right", 1, false, 0, 0, [], 4761.7802293, 18, "left", 1, 4761.7802301, "small", false, 111, false, 0, 4761.7802305, 4, false, "Dergelijke plaatshouder, om deze onnodige informatie te vullen met veel onzin.", -1, 111, 758, 197, -1, false, 1], "9": [[1921, 1054, 16, 16], "porcupine", "left", 1, true, 0, 0, [], 4761.7802389, 10, "left", 1, 4761.7802396, "small", true, 115, false, 0, 4761.7802401, 2, false, "Dergelijke plaatshouder, om deze onnodige informatie te vullen met veel onzin.", -1, 115, 1921, 1054, -1, false, 1], "10": [[1787, 947, 16, 16], "ratwhite", "right", 1, false, 0, 0, [], 4761.780246, 14, "front", 1, 4761.7802469, "tiny", true, 60, false, 0, 4761.7802474, 4, false, "Dergelijke plaatshouder, om deze onnodige informatie te vullen met veel onzin.", -1, 60, 1787, 947, -1, false, 1], "11": [[2029, 755, 16, 16], "porcupine", "right", 1, true, 0, 0, [], 4761.7802536, 20, "right", 1, 4761.7802544, "big", true, 114, false, 0, 4761.7802548, 3, false, "Dergelijke plaatshouder, om deze onnodige informatie te vullen met veel onzin.", -1, 114, 2029, 755, -1, false, 1], "12": [[788, 229, 16, 16], "porcupine", "left", 1, true, 0, 0, [], 4761.7802607, 14, "right", 1, 4761.7802615, "big", false, 104, false, 0, 4761.7802618, 3, false, "Dergelijke plaatshouder, om deze onnodige informatie te vullen met veel onzin.", -1, 104, 788, 229, -1, false, 1], "13": [[462, 239, 16, 16], "porcupine", "left", 1, false, 0, 0, [], 4761.7802675, 20, "right", 1, 4761.7802682, "big", false, 102, false, 0, 4761.7802687, 4, false, "Dergelijke plaatshouder, om deze onnodige informatie te vullen met veel onzin.", -1, 102, 462, 239, -1, false, 1], "14": [[2051, 1763, 16, 16], "wolfbluebrown", "left", 1, false, 0, 0, [], 4761.7802751, 12, "left", 1, 4761.7802759, "small", false, 101, false, 0, 4761.7802764, 3, false, "Dergelijke plaatshouder, om deze onnodige informatie te vullen met veel onzin.", -1, 101, 2051, 1763, -1, false, 1], "15": [[2122, 1440, 16, 16], "porcupine", "left", 1, false, 0, 0, [], 4761.7802822, 20, "left", 1, 4761.7802829, "small", true, 104, false, 0, 4761.7802833, 3, false, "Dergelijke plaatshouder, om deze onnodige informatie te vullen met veel onzin.", -1, 104, 2122, 1440, -1, false, 1], "16": [[1513, 1256, 16, 16], "ratwhite", "back", 1, true, 0, 0, [], 4761.7802885, 11, "front", 1, 4761.7802893, "tiny", false, 60, false, 0, 4761.7802896, 4, false, "Dergelijke plaatshouder, om deze onnodige informatie te vullen met veel onzin.", -1, 60, 1513, 1256, -1, false, 1], "17": [[1255, 2079, 16, 16], "porcupine", "right", 1, true, 0, 0, [], 4761.7802952, 14, "left", 1, 4761.7802959, "small", true, 106, false, 0, 4761.7802963, 3, false, "Dergelijke plaatshouder, om deze onnodige informatie te vullen met veel onzin.", -1, 106, 1255, 2079, -1, false, 1], "18": [[2222, 1212, 16, 16], "wolfbluebrown", "back", 1, true, 0, 0, [], 4761.780302, 6, "front", 1, 4761.7803027, "small", false, 102, false, 0, 4761.7803031, 4, false, "Dergelijke plaatshouder, om deze onnodige informatie te vullen met veel onzin.", -1, 102, 2222, 1212, -1, false, 1], "19": [[980, 1586, 16, 16], "porcupine", "left", 1, false, 0, 0, [], 4761.7803098, 20, "left", 1, 4761.7803105, "small", true, 106, false, 0, 4761.7803109, 3, false, "Dergelijke plaatshouder, om deze onnodige informatie te vullen met veel onzin.", -1, 106, 980, 1586, -1, false, 1], "20": [[384, 1301, 16, 16], "porcupine", "right", 1, false, 0, 0, [], 4761.7803173, 11, "right", 1, 4761.7803181, "big", false, 106, false, 0, 4761.7803185, 3, false, "Dergelijke plaatshouder, om deze onnodige informatie te vullen met veel onzin.", -1, 106, 384, 1301, -1, false, 1], "21": [[727, 417, 16, 16], "porcupine", "right", 1, false, 0, 0, [], 4761.7803245, 14, "right", 1, 4761.7803252, "small", true, 107, false, 0, 4761.7803256, 3, false, "Dergelijke plaatshouder, om deze onnodige informatie te vullen met veel onzin.", -1, 107, 727, 417, -1, false, 1], "22": [[1942, 768, 16, 16], "porcupine", "left", 1, false, 0, 0, [], 4761.7803328, 18, "left", 1, 4761.7803335, "big", true, 110, false, 0, 4761.7803339, 3, false, "Dergelijke plaatshouder, om deze onnodige informatie te vullen met veel onzin.", -1, 110, 1942, 768, -1, false, 1], "23": [[1673, 362, 16, 16], "sheep", "right", 1, true, 0, 0, [], 4761.78034, 11, "front", 1, 4761.7803407, "small", false, 113, false, 0, 4761.7803411, 3, false, "Dergelijke plaatshouder, om deze onnodige informatie te vullen met veel onzin.", -1, 113, 1673, 362, -1, false, 1], "24": [[1340, 1504, 16, 16], "wolfbluebrown", "front", 1, true, 0, 0, [], 4761.7803468, 11, "left", 1, 4761.7803475, "small", false, 105, false, 0, 4761.7803482, 2, false, "Dergelijke plaatshouder, om deze onnodige informatie te vullen met veel onzin.", -1, 105, 1340, 1504, -1, false, 1], "25": [[1148, 1750, 16, 16], "porcupine", "right", 1, false, 0, 0, [], 4761.7803541, 6, "right", 1, 4761.7803548, "small", false, 101, false, 0, 4761.7803552, 2, false, "Dergelijke plaatshouder, om deze onnodige informatie te vullen met veel onzin.", -1, 101, 1148, 1750, -1, false, 1], "26": [[2141, 1753, 16, 16], "wolfbluebrown", "left", 1, true, 0, 0, [], 4761.7803619, 12, "left", 1, 4761.7803626, "small", true, 107, false, 0, 4761.7803631, 3, false, "Dergelijke plaatshouder, om deze onnodige informatie te vullen met veel onzin.", -1, 107, 2141, 1753, -1, false, 1], "27": [[1679, 1855, 16, 16],