{"game_name": "hoi", "game_difficulty": 0, "time": 0, "seed": "30", "night_count": 0, "is_night": false, "animal_dict": {"0": [[2185, 362, 16, 16], "sheepbrown", "front", 1, true, 0, 0, [], 16350.7606347, 14, "front", 1, 16350.7606359, "small", true, 107, false, 0, 16350.7606365, 4, false, "Dergelijke plaatshouder, om deze onnodige informatie te vullen met veel onzin.", -1, 107, 2185, 362], "1": [[1668, 2145, 16, 16], "sheep", "right", 1, false, 0, 0, [], 16350.7606498, 11, "front", 1, 16350.7606506, "small", false, 100, false, 0, 16350.760651, 2, false, "Dergelijke plaatshouder, om deze onnodige informatie te vullen met veel onzin.", -1, 100, 1668, 2145], "2": [[94, 684, 16, 16], "sheepbrown", "right", 1, false, 0, 0, [], 16350.7606575, 10, "front", 1, 16350.7606583, "small", false, 111, false, 0, 16350.7606587, 2, false, "Dergelijke plaatshouder, om deze onnodige informatie te vullen met veel onzin.", -1, 111, 94, 684], "3": [[668, 1804, 16, 16], "wolfblack", "back", 1, true, 0, 0, [], 16350.7606648, 19, "right", 1, 16350.7606655, "big", true, 108, false, 0, 16350.7606662, 2, false, "Dergelijke plaatshouder, om deze onnodige informatie te vullen met veel onzin.", -1, 108, 668, 1804], "4": [[161, 1712, 16, 16], "wolfbluebrown", "back", 1, false, 0, 0, [], 16350.760672, 15, "front", 1, 16350.7606728, "big", false, 103, false, 0, 16350.7606732, 3, false, "Dergelijke plaatshouder, om deze onnodige informatie te vullen met veel onzin.", -1, 103, 161, 1712], "5": [[1201, 1472, 16, 16], "sheep", "back", 1, true, 0, 0, [], 16350.7606789, 16, "right", 1, 16350.7606796, "small", false, 108, false, 0, 16350.76068, 2, false, "Dergelijke plaatshouder, om deze onnodige informatie te vullen met veel onzin.", -1, 108, 1201, 1472], "6": [[1665, 894, 16, 16], "bearbrown", "left", 1, false, 0, 0, [], 16350.7606857, 20, "front", 1, 16350.7606864, "small", false, 180, false, 0, 16350.7606869, 3, false, "Dergelijke plaatshouder, om deze onnodige informatie te vullen met veel onzin.", -1, 180, 1665, 894], "7": [[1152, 1735, 16, 16], "sheep", "left", 1, false, 0, 0, [], 16350.7606924, 6, "left", 1, 16350.7606932, "small", true, 102, false, 0, 16350.7606935, 4, false, "Dergelijke plaatshouder, om deze onnodige informatie te vullen met veel onzin.", -1, 102, 1152, 1735], "8": [[1318, 565, 16, 16], "bearbrown", "front", 1, true, 0, 0, [], 16350.7606986, 19, "left", 1, 16350.7606993, "small", true, 180, false, 0, 16350.7606997, 3, false, "Dergelijke plaatshouder, om deze onnodige informatie te vullen met veel onzin.", -1, 180, 1318, 565], "9": [[909, 2051, 16, 16], "wolfblue", "back", 1, true, 0, 0, [], 16350.7607053, 11, "left", 1, 16350.760706, "big", true, 111, false, 0, 16350.7607064, 4, false, "Dergelijke plaatshouder, om deze onnodige informatie te vullen met veel onzin.", -1, 111, 909, 2051], "10": [[1446, 947, 16, 16], "bearbrown", "back", 1, true, 0, 0, [], 16350.7607125, 6, "right", 1, 16350.7607134, "small", false, 180, false, 0, 16350.7607139, 3, false, "Dergelijke plaatshouder, om deze onnodige informatie te vullen met veel onzin.", -1, 180, 1446, 947], "11": [[234, 1956, 16, 16], "wolfbluebrown", "back", 1, false, 0, 0, [], 16350.7607204, 13, "front", 1, 16350.7607211, "small", true, 105, false, 0, 16350.7607217, 4, false, "Dergelijke plaatshouder, om deze onnodige informatie te vullen met veel onzin.", -1, 105, 234, 1956], "12": [[2054, 63, 16, 16], "sheepbrown", "back", 1, false, 0, 0, [], 16350.7607273, 19, "front", 1, 16350.760728, "big", true, 112, false, 0, 16350.7607285, 3, false, "Dergelijke plaatshouder, om deze onnodige informatie te vullen met veel onzin.", -1, 112, 2054, 63], "13": [[407, 2292, 16, 16], "sheep", "front", 1, true, 0, 0, [], 16350.7607341, 16, "left", 1, 16350.7607348, "big", true, 108, false, 0, 16350.7607353, 3, false, "Dergelijke plaatshouder, om deze onnodige informatie te vullen met veel onzin.", -1, 108, 407, 2292], "14": [[795, 1900, 16, 16], "bearbrown", "left", 1, false, 0, 0, [], 16350.7607402, 15, "back", 1, 16350.760741, "big", false, 180, false, 0, 16350.7607414, 2, false, "Dergelijke plaatshouder, om deze onnodige informatie te vullen met veel onzin.", -1, 180, 795, 1900], "15": [[1287, 1656, 16, 16], "wolfbluebrown", "front", 1, false, 0, 0, [], 16350.7607468, 6, "right", 1, 16350.7607475, "big", true, 113, false, 0, 16350.7607479, 2, false, "Dergelijke plaatshouder, om deze onnodige informatie te vullen met veel onzin.", -1, 113, 1287, 1656], "16": [[2197, 2054, 16, 16], "sheep", "left", 1, false, 0, 0, [], 16350.7607535, 11, "right", 1, 16350.7607542, "big", false, 108, false, 0, 16350.7607546, 4, false, "Dergelijke plaatshouder, om deze onnodige informatie te vullen met veel onzin.", -1, 108, 2197, 2054], "17": [[2288, 2078, 16, 16], "sheep", "front", 1, true, 0, 0, [], 16350.76076, 14, "right", 1, 16350.7607608, "big", true, 112, false, 0, 16350.7607612, 4, false, "Dergelijke plaatshouder, om deze onnodige informatie te vullen met veel onzin.", -1, 112, 2288, 2078], "18": [[572, 1954, 16, 16], "wolfbluebrown", "left", 1, true, 0, 0, [], 16350.7607679, 13, "back", 1, 16350.7607686, "small", true, 113, false, 0, 16350.7607699, 4, false, "Dergelijke plaatshouder, om deze onnodige informatie te vullen met veel onzin.", -1, 113, 572, 1954], "19": [[527, 1635, 16, 16], "bearbrown", "front", 1, false, 0, 0, [], 16350.7607748, 18, "front", 1, 16350.7607755, "small", true, 180, false, 0, 16350.7607759, 3, false, "Dergelijke plaatshouder, om deze onnodige informatie te vullen met veel onzin.", -1, 180, 527, 1635], "20": [[673, 2004, 16, 16], "wolfblack", "back", 1, false, 0, 0, [], 16350.7607825, 15, "right", 1, 16350.7607832, "small", true, 106, false, 0, 16350.7607836, 3, false, "Dergelijke plaatshouder, om deze onnodige informatie te vullen met veel onzin.", -1, 106, 673, 2004], "21": [[191, 651, 16, 16], "sheep", "left", 1, false, 0, 0, [], 16350.760789, 19, "left", 1, 16350.7607897, "big", true, 110, false, 0, 16350.7607901, 4, false, "Dergelijke plaatshouder, om deze onnodige informatie te vullen met veel onzin.", -1, 110, 191, 651], "22": [[95, 558, 16, 16], "sheepbrown", "back", 1, true, 0, 0, [], 16350.7607968, 9, "back", 1, 16350.7607975, "small", false, 115, false, 0, 16350.7607979, 3, false, "Dergelijke plaatshouder, om deze onnodige informatie te vullen met veel onzin.", -1, 115, 95, 558], "23": [[994, 1799, 16, 16], "sheep", "left", 1, true, 0, 0, [], 16350.7608034, 11, "front", 1, 16350.7608042, "small", false, 112, false, 0, 16350.7608046, 3, false, "Dergelijke plaatshouder, om deze onnodige informatie te vullen met veel onzin.", -1, 112, 994, 1799], "24": [[106, 517, 16, 16], "sheepbrown", "right", 1, false, 0, 0, [], 16350.7608118, 16, "front", 1, 16350.7608125, "small", false, 106, false, 0, 16350.7608129, 3, false, "Dergelijke plaatshouder, om deze onnodige informatie te vullen met veel onzin.", -1, 106, 106, 517], "25": [[1101, 2137, 16, 16], "wolfbluebrown", "back", 1, false, 0, 0, [], 16350.7608209, 19, "right", 1, 16350.7608217, "big", true, 115, false, 0, 16350.7608222, 3, false, "Dergelijke plaatshouder, om deze onnodige informatie te vullen met veel onzin.", -1, 115, 1101, 2137], "26": [[1725, 640, 16, 16], "sheep", "right", 1, false, 0, 0, [], 16350.7608281, 18, "left", 1, 16350.7608289, "big", true, 106, false, 0, 16350.7608294, 3, false, "Dergelijke plaatshouder, om deze onnodige informatie te vullen met veel onzin.", -1, 106, 1725, 640], "27": [[776, 2163, 16, 16], "wolfblack", "right", 1, false, 0, 0, [], 16350.760835, 18, "right", 1, 16350.7608358, "small", true, 115, false, 0, 16350.7608362, 3, false, "Dergelijke plaatshouder, om deze onnodige informatie te vullen met veel onzin.", -1, 115, 776, 2163], "28": [[-13, 2043, 16, 16], "wolfbluebrown", "front", 1, false, 0, 0, [], 16350.7608419, 10, "back", 1, 16350.7608426, "big", true, 102, false, 0, 16350.760843, 4, false, "Dergelijke plaatshouder, om deze onnodige informatie te vullen met veel onzin.", -1, 102, -13, 2043],