{
  "game_name": "hoi",
  "game_difficulty": 0,
  "time": 0,
  "seed": "0",
  "night_count": 0,
  "is_night": false,
  "animal_dict": {
    "0": [
      [1498, 576, 16, 16],
      "sheep",
      "left",
      1,
      false,
      0,
      0,
      [],
      607377.0174449,
      17,
      "back",
      1,
      607377.017446,
      "small",
      false,
      106,
      false,
      0,
      607377.0174465,
      2,
      false,
      "Dergelijke plaatshouder, om deze onnodige informatie te vullen met veel onzin.",
      -1,
      106,
      1498,
      576,
      -1,
      false,
      1
    ],
    "1": [
      [1405, 583, 16, 16],
      "bearbrown",
      "left",
      1,
      false,
      0,
      0,
      [],
      607377.0174595,
      7,
      "front",
      1,
      607377.0174603,
      "small",
      true,
      180,
      false,
      0,
      607377.0174606,
      4,
      false,
      "Dergelijke plaatshouder, om deze onnodige informatie te vullen met veel onzin.",
      -1,
      180,
      1405,
      583,
      -1,
      false,
      1
    ],
    "2": [
      [1455, 875, 16, 16],
      "sheep",
      "left",
      1,
      true,
      0,
      0,
      [],
      607377.0174673,
      6,
      "back",
      1,
      607377.0174681,
      "small",
      false,
      115,
      false,
      0,
      607377.0174686,
      3,
      false,
      "Dergelijke plaatshouder, om deze onnodige informatie te vullen met veel onzin.",
      -1,
      115,
      1455,
      875,
      -1,
      false,
      1
    ],
    "3": [
      [1818, 1734, 16, 16],
      "wolfbluebrown",
      "back",
      1,
      true,
      0,
      0,
      [],
      607377.0174748,
      14,
      "back",
      1,
      607377.0174756,
      "small",
      false,
      110,
      false,
      0,
      607377.017476,
      2,
      false,
      "Dergelijke plaatshouder, om deze onnodige informatie te vullen met veel onzin.",
      -1,
      110,
      1818,
      1734,
      -1,
      false,
      1
    ],
    "4": [
      [578, 724, 16, 16],
      "sheep",
      "back",
      1,
      false,
      0,
      0,
      [],
      607377.0174823,
      7,
      "front",
      1,
      607377.0174831,
      "small",
      true,
      102,
      false,
      0,
      607377.0174836,
      3,
      false,
      "Dergelijke plaatshouder, om deze onnodige informatie te vullen met veel onzin.",
      -1,
      102,
      578,
      724,
      -1,
      false,
      1
    ],
    "5": [
      [1904, 2120, 16, 16],
      "wolfblack",
      "right",
      1,
      false,
      0,
      0,
      [],
      607377.0174898,
      15,
      "left",
      1,
      607377.0174906,
      "big",
      false,
      113,
      false,
      0,
      607377.017491,
      2,
      false,
      "Dergelijke plaatshouder, om deze onnodige informatie te vullen met veel onzin.",
      -1,
      113,
      1904,
      2120,
      -1,
      false,
      1
    ],
    "6": [
      [2189, 641, 16, 16],
      "wolfblue",
      "front",
      1,
      false,
      0,
      0,
      [],
      607377.0175006,
      9,
      "right",
      1,
      607377.0175013,
      "big",
      false,
      109,
      false,
      0,
      607377.0175017,
      4,
      false,
      "Dergelijke plaatshouder, om deze onnodige informatie te vullen met veel onzin.",
      -1,
      109,
      2189,
      641,
      -1,
      false,
      1
    ],
    "7": [
      [1454, 1825, 16, 16],
      "sheep",
      "front",
      1,
      true,
      0,
      0,
      [],
      607377.0175085,
      10,
      "back",
      1,
      607377.0175094,
      "small",
      true,
      106,
      false,
      0,
      607377.01751,
      4,
      false,
      "Dergelijke plaatshouder, om deze onnodige informatie te vullen met veel onzin.",
      -1,
      106,
      1454,
      1825,
      -1,
      false,
      1
    ],
    "8": [
      [409, 808, 16, 16],
      "porcupine",
      "right",
      1,
      false,
      0,
      0,
      [],
      607377.0175177,
      14,
      "left",
      1,
      607377.0175184,
      "small",
      true,
      114,
      false,
      0,
      607377.0175188,
      3,
      false,
      "Dergelijke plaatshouder, om deze onnodige informatie te vullen met veel onzin.",
      -1,
      114,
      409,
      808,
      -1,
      false,
      1
    ],
    "9": [
      [1097, 551, 16, 16],
      "sheep",
      "right",
      1,
      true,
      0,
      0,
      [],
      607377.0175252,
      14,
      "left",
      1,
      607377.0175261,
      "small",
      false,
      107,
      false,
      0,
      607377.0175266,
      2,
      false,
      "Dergelijke plaatshouder, om deze onnodige informatie te vullen met veel onzin.",
      -1,
      107,
      1097,
      551,
      -1,
      false,
      1
    ],
    "10": [
      [1518, 2227, 16, 16],
      "sheep",
      "front",
      1,
      true,
      0,
      0,
      [],
      607377.0175353,
      18,
      "back",
      1,
      607377.0175364,
      "big",
      false,
      114,
      false,
      0,
      607377.0175368,
      2,
      false,
      "Dergelijke plaatshouder, om deze onnodige informatie te vullen met veel onzin.",
      -1,
      114,
      1518,
      2227,
      -1,
      false,
      1
    ],
    "11": [
      [298, 926, 16, 16],
      "porcupine",
      "right",
      1,
      true,
      0,
      0,
      [],
      607377.0175432,
      11,
      "left",
      1,
      607377.017544,
      "big",
      true,
      113,
      false,
      0,
      607377.0175444,
      4,
      false,
      "Dergelijke plaatshouder, om deze onnodige informatie te vullen met veel onzin.",
      -1,
      113,
      298,
      926,
      -1,
      false,
      1
    ],
    "12": [
      [1587, 1931, 16, 16],
      "sheep",
      "left",
      1,
      true,
      0,
      0,
      [],
      607377.0175501,
      15,
      "left",
      1,
      607377.0175508,
      "big",
      true,
      108,
      false,
      0,
      607377.0175512,
      4,
      false,
      "Dergelijke plaatshouder, om deze onnodige informatie te vullen met veel onzin.",
      -1,
      108,
      1587,
      1931,
      -1,
      false,
      1
    ],
    "13": [
      [605, 1010, 16, 16],
      "porcupine",
      "left",
      1,
      false,
      0,
      0,
      [],
      607377.0175568,
      12,
      "right",
      1,
      607377.0175576,
      "big",
      false,
      108,
      false,
      0,
      607377.017558,
      3,
      false,
      "Dergelijke plaatshouder, om deze onnodige informatie te vullen met veel onzin.",
      -1,
      108,
      605,
      1010,
      -1,
      false,
      1
    ],
    "14": [
      [1578, 1966, 16, 16],
      "wolfblue",
      "front",
      1,
      false,
      0,
      0,
      [],
      607377.0175635,
      20,
      "back",
      1,
      607377.0175642,
      "big",
      false,
      109,
      false,
      0,
      607377.0175646,
      4,
      false,
      "Dergelijke plaatshouder, om deze onnodige informatie te vullen met veel onzin.",
      -1,
      109,
      1578,
      1966,
      -1,
      false,
      1
    ],
    "15": [
      [1086, 708, 16, 16],
      "bearbrown",
      "right",
      1,
      true,
      0,
      0,
      [],
      607377.0175707,
      20,
      "right",
      1,
      607377.0175715,
      "small",
      false,
      180,
      false,
      0,
      607377.0175719,
      3,
      false,
      "Dergelijke plaatshouder, om deze onnodige informatie te vullen met veel onzin.",
      -1,
      180,
      1086,
      708,
      -1,
      false,
      1
    ],
    "16": [
      [236, 910, 16, 16],