{"game_name": "fdfds fdsfda", "game_difficulty": 0, "time": 0, "seed": "54", "night_count": 0, "is_night": false, "animal_dict": {"0": [[1754, 1099, 16, 16], "sheep", "back", 1, false, 0, 0, [], 118740.5714414, 17, "front", 1, 118740.5714445, "big", true, 109, false, 0, 118740.5714451, 2, false, "Dergelijke plaatshouder, om deze onnodige informatie te vullen met veel onzin.", -1, 109], "1": [[1545, 1600, 16, 16], "bearbrown", "right", 1, false, 0, 0, [], 118740.5714576, 6, "left", 1, 118740.5714586, "small", false, 180, false, 0, 118740.571459, 3, false, "Dergelijke plaatshouder, om deze onnodige informatie te vullen met veel onzin.", -1, 180], "2": [[1849, 305, 16, 16], "bearbrown", "right", 1, false, 0, 0, [], 118740.5714647, 12, "right", 1, 118740.5714655, "small", false, 180, false, 0, 118740.5714659, 3, false, "Dergelijke plaatshouder, om deze onnodige informatie te vullen met veel onzin.", -1, 180], "3": [[97, 1585, 16, 16], "sheep", "right", 1, true, 0, 0, [], 118740.571472, 11, "front", 1, 118740.5714728, "big", false, 103, false, 0, 118740.5714732, 2, false, "Dergelijke plaatshouder, om deze onnodige informatie te vullen met veel onzin.", -1, 103], "4": [[1830, 383, 16, 16], "wolfbluebrown", "right", 1, true, 0, 0, [], 118740.5714794, 18, "left", 1, 118740.5714804, "big", true, 107, false, 0, 118740.5714808, 4, false, "Dergelijke plaatshouder, om deze onnodige informatie te vullen met veel onzin.", -1, 107], "5": [[749, 2036, 16, 16], "wolfblack", "left", 1, false, 0, 0, [], 118740.5714865, 15, "front", 1, 118740.5714874, "big", false, 104, false, 0, 118740.5714878, 4, false, "Dergelijke plaatshouder, om deze onnodige informatie te vullen met veel onzin.", -1, 104], "6": [[1353, 1142, 16, 16], "wolfblack", "right", 1, false, 0, 0, [], 118740.571495, 20, "front", 1, 118740.5714958, "big", true, 100, false, 0, 118740.5714963, 4, false, "Dergelijke plaatshouder, om deze onnodige informatie te vullen met veel onzin.", -1, 100], "7": [[1980, 264, 16, 16], "bearbrown", "left", 1, false, 0, 0, [], 118740.5715015, 7, "back", 1, 118740.5715023, "big", false, 180, false, 0, 118740.5715028, 2, false, "Dergelijke plaatshouder, om deze onnodige informatie te vullen met veel onzin.", -1, 180], "8": [[2113, 1468, 16, 16], "sheep", "right", 1, true, 0, 0, [], 118740.5715083, 8, "left", 1, 118740.5715091, "small", true, 102, false, 0, 118740.5715095, 4, false, "Dergelijke plaatshouder, om deze onnodige informatie te vullen met veel onzin.", -1, 102], "9": [[2055, 708, 16, 16], "wolfblue", "front", 1, true, 0, 0, [], 118740.5715154, 11, "left", 1, 118740.5715163, "big", true, 103, false, 0, 118740.5715169, 3, false, "Dergelijke plaatshouder, om deze onnodige informatie te vullen met veel onzin.", -1, 103], "10": [[907, 1845, 16, 16], "wolfblack", "front", 1, false, 0, 0, [], 118740.5715225, 8, "back", 1, 118740.5715233, "small", false, 102, false, 0, 118740.5715238, 3, false, "Dergelijke plaatshouder, om deze onnodige informatie te vullen met veel onzin.", -1, 102], "11": [[1489, 1469, 16, 16], "bearbrown", "left", 1, true, 0, 0, [], 118740.5715297, 13, "front", 1, 118740.5715306, "big", false, 180, false, 0, 118740.5715309, 3, false, "Dergelijke plaatshouder, om deze onnodige informatie te vullen met veel onzin.", -1, 180], "12": [[1865, 1119, 16, 16], "bearbrown", "back", 1, false, 0, 0, [], 118740.5715361, 16, "front", 1, 118740.5715369, "small", true, 180, false, 0, 118740.5715374, 3, false, "Dergelijke plaatshouder, om deze onnodige informatie te vullen met veel onzin.", -1, 180], "13": [[1770, 461, 16, 16], "bearbrown", "front", 1, false, 0, 0, [], 118740.5715425, 16, "front", 1, 118740.5715433, "big", false, 180, false, 0, 118740.5715437, 2, false, "Dergelijke plaatshouder, om deze onnodige informatie te vullen met veel onzin.", -1, 180], "14": [[1077, 258, 16, 16], "wolfblack", "front", 1, true, 0, 0, [], 118740.5715493, 9, "front", 1, 118740.5715502, "small", true, 103, false, 0, 118740.5715506, 2, false, "Dergelijke plaatshouder, om deze onnodige informatie te vullen met veel onzin.", -1, 103], "15": [[1949, 2046, 16, 16], "bearbrown", "front", 1, false, 0, 0, [], 118740.5715557, 11, "back", 1, 118740.5715567, "big", true, 180, false, 0, 118740.5715572, 3, false, "Dergelijke plaatshouder, om deze onnodige informatie te vullen met veel onzin.", -1, 180], "16": [[1462, 2043, 16, 16], "wolfblack", "left", 1, false, 0, 0, [], 118740.5715626, 17, "back", 1, 118740.5715634, "big", false, 103, false, 0, 118740.5715638, 2, false, "Dergelijke plaatshouder, om deze onnodige informatie te vullen met veel onzin.", -1, 103], "17": [[1864, 2268, 16, 16], "bearbrown", "right", 1, false, 0, 0, [], 118740.5715688, 8, "front", 1, 118740.5715697, "big", true, 180, false, 0, 118740.5715702, 3, false, "Dergelijke plaatshouder, om deze onnodige informatie te vullen met veel onzin.", -1, 180], "18": [[221, 1348, 16, 16], "sheep", "left", 1, true, 0, 0, [], 118740.5715769, 11, "back", 1, 118740.5715777, "big", true, 108, false, 0, 118740.5715781, 4, false, "Dergelijke plaatshouder, om deze onnodige informatie te vullen met veel onzin.", -1, 108], "19": [[2246, 1951, 16, 16], "bearbrown", "front", 1, true, 0, 0, [], 118740.5715832, 19, "back", 1, 118740.571584, "small", true, 180, false, 0, 118740.5715844, 3, false, "Dergelijke plaatshouder, om deze onnodige informatie te vullen met veel onzin.", -1, 180], "20": [[1923, 1973, 16, 16], "bearbrown", "back", 1, true, 0, 0, [], 118740.5715894, 20, "right", 1, 118740.5715902, "big", true, 180, false, 0, 118740.5715908, 2, false, "Dergelijke plaatshouder, om deze onnodige informatie te vullen met veel onzin.", -1, 180], "21": [[373, 1137, 16, 16], "sheep", "left", 1, false, 0, 0, [], 118740.5715965, 8, "front", 1, 118740.5715982, "small", false, 106, false, 0, 118740.5715987, 4, false, "Dergelijke plaatshouder, om deze onnodige informatie te vullen met veel onzin.", -1, 106], "22": [[331, 1172, 16, 16], "sheep", "right", 1, false, 0, 0, [], 118740.5716051, 16, "right", 1, 118740.5716059, "small", true, 107, false, 0, 118740.5716063, 2, false, "Dergelijke plaatshouder, om deze onnodige informatie te vullen met veel onzin.", -1, 107], "23": [[1776, 1436, 16, 16], "wolfblack", "right", 1, false, 0, 0, [], 118740.5716118, 15, "front", 1, 118740.5716127, "big", false, 101, false, 0, 118740.5716131, 4, false, "Dergelijke plaatshouder, om deze onnodige informatie te vullen met veel onzin.", -1, 101], "24": [[1416, 1625, 16, 16], "wolfblack", "right", 1, true, 0, 0, [], 118740.5716187, 7, "left", 1, 118740.5716198, "big", false, 101, false, 0, 118740.5716202, 4, false, "Dergelijke plaatshouder, om deze onnodige informatie te vullen met veel onzin.", -1, 101], "25": [[1815, 396, 16, 16], "wolfblue", "back", 1, true, 0, 0, [], 118740.5716261, 15, "front", 1, 118740.5716269, "small", false, 108, false, 0, 118740.5716273, 2, false, "Dergelijke plaatshouder, om deze onnodige informatie te vullen met veel onzin.", -1, 108], "26": [[1700, 493, 16, 16], "bearbrown", "back", 1, false, 0, 0, [], 118740.5716322, 16, "right", 1, 118740.5716331, "small", false, 180, false, 0, 118740.5716334, 2, false, "Dergelijke plaatshouder, om deze onnodige informatie te vullen met veel onzin.", -1, 180], "27": [[1389, 577, 16, 16], "wolfblack", "left", 1, false, 0, 0, [], 118740.5716391, 15, "right", 1, 118740.57164, "big", false, 110, false, 0, 118740.5716404, 3, false, "Dergelijke plaatshouder, om deze onnodige informatie te vullen met veel onzin.", -1, 110], "28": [[293, 899, 16, 16], "sheep", "right", 1, false, 0, 0, [], 118740.5716457, 12, "back", 1, 118740.5716468, "big", false, 103, false, 0, 118740.5716472, 3, false, "Dergelijke plaatshouder, om deze onnodige informatie te vullen met veel onzin.", -1, 103], "29": [[1767, 1403, 16, 16],