{"game_name": "taa", "game_difficulty": 0, "time": 0, "animal_dict": {"0": [[1901, 926, 16, 16], "wolfbluebrown", "front", 1, false, 0, 0, [], 2170981.0678823, 20, "left", 1, 2170981.0678835, "small", true, 102, false, 0, 2170981.067884, 2, false, "Dergelijke plaatshouder, om deze onnodige informatie te vullen met veel onzin.", -1, 102], "1": [[882, 1951, 16, 16], "ratwhite", "left", 1, true, 0, 0, [], 2170981.0678975, 8, "right", 1, 2170981.0678984, "tiny", true, 60, false, 0, 2170981.0678988, 2, false, "Dergelijke plaatshouder, om deze onnodige informatie te vullen met veel onzin.", -1, 60], "2": [[548, 821, 16, 16], "sheep", "back", 1, false, 0, 0, [], 2170981.0679054, 6, "back", 1, 2170981.0679063, "big", false, 108, false, 0, 2170981.0679069, 4, false, "Dergelijke plaatshouder, om deze onnodige informatie te vullen met veel onzin.", -1, 108], "3": [[690, 658, 16, 16], "bearbrown", "left", 1, true, 0, 0, [], 2170981.0679123, 19, "front", 1, 2170981.0679131, "small", true, 180, false, 0, 2170981.0679135, 4, false, "Dergelijke plaatshouder, om deze onnodige informatie te vullen met veel onzin.", -1, 180], "4": [[1627, 1476, 16, 16], "sheep", "right", 1, false, 0, 0, [], 2170981.067922, 11, "back", 1, 2170981.0679228, "small", true, 114, false, 0, 2170981.0679232, 2, false, "Dergelijke plaatshouder, om deze onnodige informatie te vullen met veel onzin.", -1, 114], "5": [[1157, 1292, 16, 16], "sheep", "back", 1, true, 0, 0, [], 2170981.0679305, 10, "back", 1, 2170981.0679313, "big", true, 103, false, 0, 2170981.0679316, 4, false, "Dergelijke plaatshouder, om deze onnodige informatie te vullen met veel onzin.", -1, 103], "6": [[1688, 769, 16, 16], "sheepbrown", "back", 1, false, 0, 0, [], 2170981.06794, 20, "back", 1, 2170981.0679412, "small", false, 105, false, 0, 2170981.0679417, 3, false, "Dergelijke plaatshouder, om deze onnodige informatie te vullen met veel onzin.", -1, 105], "7": [[1409, 729, 16, 16], "bearbrown", "front", 1, false, 0, 0, [], 2170981.0679529, 18, "front", 1, 2170981.0679539, "small", false, 180, false, 0, 2170981.0679544, 4, false, "Dergelijke plaatshouder, om deze onnodige informatie te vullen met veel onzin.", -1, 180], "8": [[1283, 794, 16, 16], "bearbrown", "back", 1, true, 0, 0, [], 2170981.0679597, 18, "left", 1, 2170981.0679605, "big", false, 180, false, 0, 2170981.067961, 4, false, "Dergelijke plaatshouder, om deze onnodige informatie te vullen met veel onzin.", -1, 180], "9": [[164, 1970, 16, 16], "sheep", "right", 1, false, 0, 0, [], 2170981.0679677, 9, "back", 1, 2170981.0679685, "small", true, 111, false, 0, 2170981.0679689, 2, false, "Dergelijke plaatshouder, om deze onnodige informatie te vullen met veel onzin.", -1, 111], "10": [[1300, 1026, 16, 16], "wolfblack", "right", 1, false, 0, 0, [], 2170981.0679746, 20, "left", 1, 2170981.0679754, "big", true, 107, false, 0, 2170981.0679758, 4, false, "Dergelijke plaatshouder, om deze onnodige informatie te vullen met veel onzin.", -1, 107], "11": [[1726, 422, 16, 16], "sheepbrown", "back", 1, true, 0, 0, [], 2170981.0679837, 11, "front", 1, 2170981.0679845, "small", false, 115, false, 0, 2170981.067985, 3, false, "Dergelijke plaatshouder, om deze onnodige informatie te vullen met veel onzin.", -1, 115], "12": [[896, 410, 16, 16], "bearbrown", "left", 1, false, 0, 0, [], 2170981.0679901, 10, "front", 1, 2170981.0679909, "small", false, 180, false, 0, 2170981.0679913, 4, false, "Dergelijke plaatshouder, om deze onnodige informatie te vullen met veel onzin.", -1, 180], "13": [[79, 348, 16, 16], "wolfblack", "right", 1, false, 0, 0, [], 2170981.0679968, 8, "front", 1, 2170981.0679977, "big", true, 106, false, 0, 2170981.0679981, 3, false, "Dergelijke plaatshouder, om deze onnodige informatie te vullen met veel onzin.", -1, 106], "14": [[998, 423, 16, 16], "bearbrown", "left", 1, false, 0, 0, [], 2170981.068003, 8, "left", 1, 2170981.0680038, "big", false, 180, false, 0, 2170981.0680041, 2, false, "Dergelijke plaatshouder, om deze onnodige informatie te vullen met veel onzin.", -1, 180], "15": [[1728, 1472, 16, 16], "sheep", "back", 1, false, 0, 0, [], 2170981.0680095, 13, "left", 1, 2170981.0680104, "big", true, 106, false, 0, 2170981.0680107, 2, false, "Dergelijke plaatshouder, om deze onnodige informatie te vullen met veel onzin.", -1, 106], "16": [[1664, 1747, 16, 16], "bearbrown", "right", 1, true, 0, 0, [], 2170981.0680156, 20, "back", 1, 2170981.0680166, "big", true, 180, false, 0, 2170981.068017, 2, false, "Dergelijke plaatshouder, om deze onnodige informatie te vullen met veel onzin.", -1, 180], "17": [[798, 1839, 16, 16], "ratwhite", "front", 1, false, 0, 0, [], 2170981.068022, 9, "back", 1, 2170981.0680229, "tiny", false, 60, false, 0, 2170981.0680233, 4, false, "Dergelijke plaatshouder, om deze onnodige informatie te vullen met veel onzin.", -1, 60], "18": [[1966, 1657, 16, 16], "bearbrown", "left", 1, true, 0, 0, [], 2170981.0680283, 7, "left", 1, 2170981.0680291, "small", false, 180, false, 0, 2170981.0680294, 2, false, "Dergelijke plaatshouder, om deze onnodige informatie te vullen met veel onzin.", -1, 180], "19": [[1679, 1802, 16, 16], "sheep", "front", 1, false, 0, 0, [], 2170981.0680347, 20, "left", 1, 2170981.0680354, "big", true, 103, false, 0, 2170981.0680359, 4, false, "Dergelijke plaatshouder, om deze onnodige informatie te vullen met veel onzin.", -1, 103], "20": [[1176, 179, 16, 16], "wolfwhite", "front", 1, false, 0, 0, [], 2170981.0680415, 7, "left", 1, 2170981.0680423, "big", false, 113, false, 0, 2170981.0680427, 4, false, "Dergelijke plaatshouder, om deze onnodige informatie te vullen met veel onzin.", -1, 113], "21": [[950, 1248, 16, 16], "wolfwhite", "front", 1, false, 0, 0, [], 2170981.068048, 20, "front", 1, 2170981.0680488, "big", true, 104, false, 0, 2170981.0680492, 4, false, "Dergelijke plaatshouder, om deze onnodige informatie te vullen met veel onzin.", -1, 104], "22": [[352, 1747, 16, 16], "bearbrown", "front", 1, false, 0, 0, [], 2170981.0680548, 8, "left", 1, 2170981.0680557, "small", false, 180, false, 0, 2170981.0680561, 4, false, "Dergelijke plaatshouder, om deze onnodige informatie te vullen met veel onzin.", -1, 180], "23": [[8, 1959, 16, 16], "sheep", "back", 1, false, 0, 0, [], 2170981.0680616, 11, "right", 1, 2170981.0680623, "big", true, 100, false, 0, 2170981.0680627, 2, false, "Dergelijke plaatshouder, om deze onnodige informatie te vullen met veel onzin.", -1, 100], "24": [[567, 1818, 16, 16], "bearbrown", "left", 1, true, 0, 0, [], 2170981.0680679, 10, "front", 1, 2170981.0680687, "big", false, 180, false, 0, 2170981.0680691, 2, false, "Dergelijke plaatshouder, om deze onnodige informatie te vullen met veel onzin.", -1, 180], "25": [[659, 1458, 16, 16], "bearbrown", "back", 1, false, 0, 0, [], 2170981.068074, 14, "right", 1, 2170981.0680749, "big", false, 180, false, 0, 2170981.0680752, 4, false, "Dergelijke plaatshouder, om deze onnodige informatie te vullen met veel onzin.", -1, 180]}, "alive_enemies": [], "player": {"x": 1176.0, "y": 1176.0, "energy_value": 100, "food_value": 10000, "health_value": 10}, "inventory": {"block_fill": {"0": "axe ", "1": "pickaxe ", "2": "sword ", "3": "", "4": "", "5": "", "6": "", "7": "", "8": "", "9": "", "10": "", "11": "", "12": "", "13": "", "14": "", "15": "", "16": "", "17": "", "18": "", "19": "", "20": "", "21": "", "22": "", "23": "", "24": "", "25": "", "26": ""}, "item_count_dict": {"0": 1, "1": 1, "2": 1, "3": 0, "4": 0, "5": 0, "6": 0, "7": 0, "8": 0, "9": 0, "10": 0, "11": 0, "12": 0, "13": 0, "14": 0, "15": 0, "16": 0, "17": 0, "18": 0, "19": 0, "20": 0, "21": 0, "22": 0, "23": 0, "24": 0, "25": 0, "26": 0}}}