{"game_name": "wereld wereld", "game_difficulty": 0, "time": 0, "seed": "10", "night_count": 0, "is_night": false, "animal_dict": {"0": [[879, 990, 16, 16], "bearbrown", "back", 1, false, 0, 0, [], 118604.4947126, 14, "right", 1, 118604.4947137, "small", true, 180, false, 0, 118604.4947143, 2, false, "Dergelijke plaatshouder, om deze onnodige informatie te vullen met veel onzin.", -1, 180], "1": [[896, 2252, 16, 16], "wolfbluebrown", "right", 1, true, 0, 0, [], 118604.4947272, 20, "front", 1, 118604.4947281, "big", true, 110, false, 0, 118604.4947285, 2, false, "Dergelijke plaatshouder, om deze onnodige informatie te vullen met veel onzin.", -1, 110], "2": [[623, 1114, 16, 16], "sheepbrown", "right", 1, false, 0, 0, [], 118604.4947351, 18, "right", 1, 118604.494736, "small", true, 102, false, 0, 118604.4947364, 4, false, "Dergelijke plaatshouder, om deze onnodige informatie te vullen met veel onzin.", -1, 102], "3": [[977, 2033, 16, 16], "sheep", "front", 1, true, 0, 0, [], 118604.4947428, 12, "right", 1, 118604.4947438, "small", true, 111, false, 0, 118604.4947442, 4, false, "Dergelijke plaatshouder, om deze onnodige informatie te vullen met veel onzin.", -1, 111], "4": [[216, 2241, 16, 16], "wolfbluebrown", "front", 1, true, 0, 0, [], 118604.4947502, 12, "front", 1, 118604.4947512, "big", true, 111, false, 0, 118604.4947516, 2, false, "Dergelijke plaatshouder, om deze onnodige informatie te vullen met veel onzin.", -1, 111], "5": [[1053, 1388, 16, 16], "bearbrown", "front", 1, false, 0, 0, [], 118604.4947573, 15, "right", 1, 118604.4947582, "big", true, 180, false, 0, 118604.4947586, 4, false, "Dergelijke plaatshouder, om deze onnodige informatie te vullen met veel onzin.", -1, 180], "6": [[879, 1305, 16, 16], "wolfblack", "right", 1, true, 0, 0, [], 118604.4947645, 16, "front", 1, 118604.4947653, "small", false, 100, false, 0, 118604.4947657, 3, false, "Dergelijke plaatshouder, om deze onnodige informatie te vullen met veel onzin.", -1, 100], "7": [[1251, 634, 16, 16], "wolfblack", "left", 1, false, 0, 0, [], 118604.4947713, 15, "back", 1, 118604.4947722, "small", false, 113, false, 0, 118604.4947726, 4, false, "Dergelijke plaatshouder, om deze onnodige informatie te vullen met veel onzin.", -1, 113], "8": [[863, 1833, 16, 16], "wolfbluebrown", "right", 1, false, 0, 0, [], 118604.4947784, 14, "back", 1, 118604.4947793, "small", false, 111, false, 0, 118604.4947797, 3, false, "Dergelijke plaatshouder, om deze onnodige informatie te vullen met veel onzin.", -1, 111], "9": [[1583, 1890, 16, 16], "sheepbrown", "right", 1, false, 0, 0, [], 118604.4947853, 6, "right", 1, 118604.4947862, "small", true, 108, false, 0, 118604.4947867, 3, false, "Dergelijke plaatshouder, om deze onnodige informatie te vullen met veel onzin.", -1, 108], "10": [[458, 1163, 16, 16], "wolfblack", "right", 1, false, 0, 0, [], 118604.4947926, 14, "back", 1, 118604.4947934, "big", true, 112, false, 0, 118604.4947938, 2, false, "Dergelijke plaatshouder, om deze onnodige informatie te vullen met veel onzin.", -1, 112], "11": [[1671, 851, 16, 16], "sheep", "front", 1, false, 0, 0, [], 118604.4948007, 14, "right", 1, 118604.4948017, "small", false, 105, false, 0, 118604.494802, 2, false, "Dergelijke plaatshouder, om deze onnodige informatie te vullen met veel onzin.", -1, 105], "12": [[1181, 1178, 16, 16], "bearbrown", "front", 1, false, 0, 0, [], 118604.4948073, 14, "front", 1, 118604.4948081, "big", false, 180, false, 0, 118604.4948086, 3, false, "Dergelijke plaatshouder, om deze onnodige informatie te vullen met veel onzin.", -1, 180], "13": [[1281, 2191, 16, 16], "bearbrown", "back", 1, false, 0, 0, [], 118604.4948141, 12, "back", 1, 118604.4948151, "small", false, 180, false, 0, 118604.4948155, 2, false, "Dergelijke plaatshouder, om deze onnodige informatie te vullen met veel onzin.", -1, 180], "14": [[843, 1915, 16, 16], "wolfbluebrown", "left", 1, false, 0, 0, [], 118604.494821, 13, "right", 1, 118604.4948217, "big", false, 100, false, 0, 118604.4948221, 2, false, "Dergelijke plaatshouder, om deze onnodige informatie te vullen met veel onzin.", -1, 100], "15": [[740, 1354, 16, 16], "bearbrown", "right", 1, true, 0, 0, [], 118604.4948278, 14, "front", 1, 118604.4948286, "big", true, 180, false, 0, 118604.494829, 3, false, "Dergelijke plaatshouder, om deze onnodige informatie te vullen met veel onzin.", -1, 180], "16": [[776, 1206, 16, 16], "bearbrown", "front", 1, true, 0, 0, [], 118604.4948338, 13, "left", 1, 118604.4948346, "small", false, 180, false, 0, 118604.494835, 3, false, "Dergelijke plaatshouder, om deze onnodige informatie te vullen met veel onzin.", -1, 180], "17": [[893, 125, 16, 16], "bearbrown", "left", 1, true, 0, 0, [], 118604.4948402, 15, "left", 1, 118604.494841, "small", false, 180, false, 0, 118604.4948414, 4, false, "Dergelijke plaatshouder, om deze onnodige informatie te vullen met veel onzin.", -1, 180], "18": [[953, 1514, 16, 16], "bearbrown", "left", 1, false, 0, 0, [], 118604.4948466, 11, "left", 1, 118604.4948475, "small", false, 180, false, 0, 118604.4948478, 3, false, "Dergelijke plaatshouder, om deze onnodige informatie te vullen met veel onzin.", -1, 180], "19": [[572, 1869, 16, 16], "wolfbluebrown", "back", 1, false, 0, 0, [], 118604.4948594, 10, "front", 1, 118604.4948603, "big", true, 102, false, 0, 118604.4948606, 4, false, "Dergelijke plaatshouder, om deze onnodige informatie te vullen met veel onzin.", -1, 102], "20": [[1024, 2023, 16, 16], "sheep", "left", 1, true, 0, 0, [], 118604.4948661, 6, "front", 1, 118604.494867, "small", false, 110, false, 0, 118604.4948674, 2, false, "Dergelijke plaatshouder, om deze onnodige informatie te vullen met veel onzin.", -1, 110], "21": [[1190, 769, 16, 16], "wolfblack", "right", 1, false, 0, 0, [], 118604.4948728, 13, "front", 1, 118604.4948737, "big", false, 111, false, 0, 118604.494874, 2, false, "Dergelijke plaatshouder, om deze onnodige informatie te vullen met veel onzin.", -1, 111], "22": [[1212, 1539, 16, 16], "bearbrown", "right", 1, true, 0, 0, [], 118604.4948799, 19, "right", 1, 118604.4948807, "big", false, 180, false, 0, 118604.4948821, 4, false, "Dergelijke plaatshouder, om deze onnodige informatie te vullen met veel onzin.", -1, 180], "23": [[1532, 2055, 16, 16], "sheepbrown", "left", 1, true, 0, 0, [], 118604.4948876, 7, "front", 1, 118604.4948884, "small", true, 100, false, 0, 118604.4948888, 3, false, "Dergelijke plaatshouder, om deze onnodige informatie te vullen met veel onzin.", -1, 100], "24": [[387, 1292, 16, 16], "sheepbrown", "left", 1, false, 0, 0, [], 118604.4948945, 14, "right", 1, 118604.4948953, "small", true, 104, false, 0, 118604.4948956, 2, false, "Dergelijke plaatshouder, om deze onnodige informatie te vullen met veel onzin.", -1, 104], "25": [[1602, 1015, 16, 16], "bearblue", "left", 1, true, 0, 0, [], 118604.4949009, 11, "left", 1, 118604.4949016, "big", true, 180, false, 0, 118604.494902, 4, false, "Dergelijke plaatshouder, om deze onnodige informatie te vullen met veel onzin.", -1, 180], "26": [[1089, 1692, 16, 16], "sheep", "left", 1, false, 0, 0, [], 118604.4949074, 8, "right", 1, 118604.4949083, "big", true, 104, false, 0, 118604.4949086, 4, false, "Dergelijke plaatshouder, om deze onnodige informatie te vullen met veel onzin.", -1, 104], "27": [[1429, 699, 16, 16], "wolfblack", "left", 1, true, 0, 0, [], 118604.4949139, 9, "left", 1, 118604.4949148, "small", false, 115, false, 0, 118604.4949152, 2, false, "Dergelijke plaatshouder, om deze onnodige informatie te vullen met veel onzin.", -1, 115], "29": [[559, 1288, 16, 16], "sheepbrown", "right", 1, false, 0, 0, [], 118604.4949232, 9, "left", 1, 118604.494924, "big", false, 114, false, 0, 118604.4949244, 2, false, "Dergelijke plaatshouder, om deze onnodige informatie te vullen met veel onzin.", -1, 114], "30": [[679, 2057, 16, 16],